Time [s], Analyzer Name, Decoded Protocol Result
7.552750000000000,To programmer,P (0x50)
7.553275000000000,To programmer,'3' (0x03)
7.553800000000000,To programmer,'4' (0x04)
7.554325000000000,To programmer,'0' (0x00)
7.554855000000000,To programmer,'0' (0x00)
7.555380000000000,To programmer,'128' (0x80)
7.555905000000000,To programmer,'6' (0x06)
7.556430000000000,To programmer,'3' (0x03)
7.557305000000000,To programmer,P (0x50)
7.558305000000000,To programmer,'4' (0x04)
7.559305000000000,To programmer,'2' (0x02)
7.560325000000000,To programmer,'1' (0x01)
7.561320000000000,To programmer,'0' (0x00)
7.564545000000000,To programmer,'20' (0x14)
7.567875000000000,To programmer,'4' (0x04)
7.586440000000000,To programmer,\r (0x0D)
7.671485000000000,To programmer,'5' (0x05)
7.681550000000000,To programmer,'4' (0x04)
7.699555000000000,To programmer,'15' (0x0F)
7.700080000000000,To programmer,? (0x3F)
7.702565000000000,To programmer,'6' (0x06)
7.753655000000000,To programmer,'16' (0x10)
7.789590000000000,To programmer,'5' (0x05)
10.149089999999999,To programmer,'4' (0x04)
10.167890000000000,To programmer,'14' (0x0E)
10.268890000000001,To programmer,'6' (0x06)
10.319860000000000,To programmer,'7' (0x07)
10.320765000000000,To programmer,'4' (0x04)
10.321294999999999,To programmer,'0' (0x00)


ROM START
10.323024999999999,To programmer,'0' (0x00)
10.323555000000001,To programmer,'0' (0x00)
10.324080000000000,To programmer,( (0x28)
10.324605000000000,To programmer,'2' (0x02)
10.325130000000000,To programmer,0 (0x30)
10.325654999999999,To programmer,'247' (0xF7)
10.326180000000001,To programmer,'0' (0x00)
10.326705000000000,To programmer,'174' (0xAE)
10.327230000000000,To programmer,0 (0x30)
10.327755000000000,To programmer,'1' (0x01)
10.328284999999999,To programmer,'0' (0x00)
10.328810000000001,To programmer,'175' (0xAF)
10.329335000000000,To programmer,0 (0x30)
10.329860000000000,To programmer,'128' (0x80)
10.330385000000000,To programmer,'0' (0x00)
10.330909999999999,To programmer,'0' (0x00)
10.331435000000001,To programmer,'0' (0x00)
10.331960000000000,To programmer,'0' (0x00)
10.332485000000000,To programmer,' ' (0x20)
10.333015000000000,To programmer,'249' (0xF9)
10.333539999999999,To programmer,'0' (0x00)
10.334065000000001,To programmer,'0' (0x00)
10.334590000000000,To programmer,'0' (0x00)
10.335115000000000,To programmer,'0' (0x00)
10.335640000000000,To programmer,'18' (0x12)
10.336164999999999,To programmer,'131' (0x83)
10.336690000000001,To programmer,'0' (0x00)
10.337220000000000,To programmer,'0' (0x00)
10.337745000000000,To programmer,'0' (0x00)
10.338270000000000,To programmer,'191' (0xBF)
10.338794999999999,To programmer,'8' (0x08)
10.339320000000001,To programmer,/ (0x2F)

10.340840000000000,To programmer,'0' (0x00)
10.341365000000000,To programmer,'190' (0xBE)
10.341889999999999,To programmer,0 (0x30)
10.342415000000001,To programmer,'249' (0xF9)
10.342945000000000,To programmer,'0' (0x00)
10.343470000000000,To programmer,'192' (0xC0)
10.343995000000000,To programmer,0 (0x30)
10.344519999999999,To programmer,'1' (0x01)
10.345045000000001,To programmer,'0' (0x00)
10.345570000000000,To programmer,'193' (0xC1)
10.346095000000000,To programmer,'18' (0x12)
10.346620000000000,To programmer,'131' (0x83)
10.347144999999999,To programmer,'0' (0x00)
10.347675000000001,To programmer,'0' (0x00)
10.348200000000000,To programmer,'8' (0x08)
10.348725000000000,To programmer,> (0x3E)
10.349250000000000,To programmer,'0' (0x00)
10.349774999999999,To programmer,'194' (0xC2)
10.350300000000001,To programmer,'8' (0x08)
10.350825000000000,To programmer,? (0x3F)
10.351350000000000,To programmer,'0' (0x00)
10.351880000000000,To programmer,'195' (0xC3)
10.352404999999999,To programmer,0 (0x30)
10.352930000000001,To programmer,'255' (0xFF)
10.353455000000000,To programmer,'7' (0x07)
10.353980000000000,To programmer,'190' (0xBE)
10.354505000000000,To programmer,'28' (0x1C)
10.355029999999999,To programmer,'3' (0x03)
10.355555000000001,To programmer,'3' (0x03)
10.356080000000000,To programmer,'191' (0xBF)
10.356610000000000,To programmer,'8' (0x08)
10.357135000000000,To programmer,C (0x43)

10.476965000000000,To programmer,'4' (0x04)
10.477490000000000,To programmer,B (0x42)
10.478014999999999,To programmer,'25' (0x19)
10.478545000000000,To programmer,'3' (0x03)
10.479070000000000,To programmer,( (0x28)
10.479595000000000,To programmer,'154' (0x9A)
10.480119999999999,To programmer,0 (0x30)
10.480645000000001,To programmer,'4' (0x04)
10.481170000000001,To programmer,'7' (0x07)
10.481695000000000,To programmer,@ (0x40)
10.482220000000000,To programmer,'0' (0x00)
10.482745000000000,To programmer,'194' (0xC2)
10.483275000000001,To programmer,'1' (0x01)
10.483800000000000,To programmer,'195' (0xC3)
10.484325000000000,To programmer,\r (0x0D)
10.484850000000000,To programmer,'195' (0xC3)
10.485374999999999,To programmer,'8' (0x08)
10.485900000000001,To programmer,A (0x41)
10.486425000000001,To programmer,'7' (0x07)
10.486950000000000,To programmer,'195' (0xC3)
10.487475000000000,To programmer,'8' (0x08)
10.488004999999999,To programmer,B (0x42)
10.488530000000001,To programmer,'0' (0x00)
10.489055000000000,To programmer,'174' (0xAE)
10.489580000000000,To programmer,'8' (0x08)
10.490105000000000,To programmer,C (0x43)
10.490629999999999,To programmer,'0' (0x00)
10.491154999999999,To programmer,'175' (0xAF)
10.491680000000001,To programmer,0 (0x30)
10.492205000000000,To programmer,'128' (0x80)
10.492735000000000,To programmer,'0' (0x00)
10.493259999999999,To programmer,'0' (0x00)

10.613060000000001,To programmer,'0' (0x00)
10.613585000000000,To programmer,'0' (0x00)
10.614110000000000,To programmer,' ' (0x20)
10.614635000000000,To programmer,'249' (0xF9)
10.615164999999999,To programmer,'0' (0x00)
10.615690000000001,To programmer,'0' (0x00)
10.616215000000000,To programmer,'0' (0x00)
10.616740000000000,To programmer,'0' (0x00)
10.617265000000000,To programmer,'18' (0x12)
10.617789999999999,To programmer,'131' (0x83)
10.618315000000001,To programmer,'0' (0x00)
10.618840000000001,To programmer,'0' (0x00)
10.619365000000000,To programmer,'0' (0x00)
10.619895000000000,To programmer,'197' (0xC5)
10.620419999999999,To programmer,'8' (0x08)
10.620945000000001,To programmer,/ (0x2F)
10.621470000000000,To programmer,'0' (0x00)
10.621995000000000,To programmer,'196' (0xC4)
10.622520000000000,To programmer,'8' (0x08)
10.623044999999999,To programmer,@ (0x40)
10.623570000000001,To programmer,'0' (0x00)
10.624095000000001,To programmer,'174' (0xAE)
10.624625000000000,To programmer,'8' (0x08)
10.625150000000000,To programmer,A (0x41)
10.625674999999999,To programmer,'0' (0x00)
10.626200000000001,To programmer,'175' (0xAF)
10.626725000000000,To programmer,0 (0x30)
10.627250000000000,To programmer,'128' (0x80)
10.627775000000000,To programmer,'0' (0x00)
10.628299999999999,To programmer,'0' (0x00)
10.628830000000001,To programmer,'0' (0x00)
10.629355000000000,To programmer,'0' (0x00)

10.751625000000001,To programmer,' ' (0x20)
10.752150000000000,To programmer,'249' (0xF9)
10.752675000000000,To programmer,'0' (0x00)
10.753200000000000,To programmer,'0' (0x00)
10.753724999999999,To programmer,'0' (0x00)
10.754250000000001,To programmer,'0' (0x00)
10.754780000000000,To programmer,'18' (0x12)
10.755305000000000,To programmer,'131' (0x83)
10.755830000000000,To programmer,'0' (0x00)
10.756354999999999,To programmer,'0' (0x00)
10.756880000000001,To programmer,'0' (0x00)
10.757405000000000,To programmer,'199' (0xC7)
10.757930000000000,To programmer,'0' (0x00)
10.758455000000000,To programmer,'195' (0xC3)
10.758979999999999,To programmer,'8' (0x08)
10.759510000000001,To programmer,/ (0x2F)
10.760035000000000,To programmer,'0' (0x00)
10.760560000000000,To programmer,'194' (0xC2)
10.761085000000000,To programmer,'0' (0x00)
10.761609999999999,To programmer,'198' (0xC6)
10.762135000000001,To programmer,0 (0x30)
10.762660000000000,To programmer,'2' (0x02)
10.763185000000000,To programmer,'7' (0x07)
10.763710000000000,To programmer,@ (0x40)
10.764239999999999,To programmer,'0' (0x00)
10.764765000000001,To programmer,'194' (0xC2)
10.765290000000000,To programmer,'1' (0x01)
10.765815000000000,To programmer,'195' (0xC3)
10.766340000000000,To programmer,\r (0x0D)
10.766864999999999,To programmer,'195' (0xC3)
10.767390000000001,To programmer,'8' (0x08)
10.767915000000000,To programmer,A (0x41)

10.884214999999999,To programmer,'7' (0x07)
10.884740000000001,To programmer,'195' (0xC3)
10.885265000000000,To programmer,'8' (0x08)
10.885795000000000,To programmer,B (0x42)
10.886320000000000,To programmer,'0' (0x00)
10.886844999999999,To programmer,'174' (0xAE)
10.887370000000001,To programmer,'8' (0x08)
10.887895000000000,To programmer,C (0x43)
10.888420000000000,To programmer,'0' (0x00)
10.888945000000000,To programmer,'175' (0xAF)
10.889469999999999,To programmer,0 (0x30)
10.889995000000001,To programmer,'128' (0x80)
10.890525000000000,To programmer,'0' (0x00)
10.891050000000000,To programmer,'0' (0x00)
10.891575000000000,To programmer,'0' (0x00)
10.892099999999999,To programmer,'0' (0x00)
10.892625000000001,To programmer,' ' (0x20)
10.893150000000000,To programmer,'249' (0xF9)
10.893675000000000,To programmer,'0' (0x00)
10.894200000000000,To programmer,'0' (0x00)
10.894724999999999,To programmer,'0' (0x00)
10.895255000000001,To programmer,'0' (0x00)
10.895780000000000,To programmer,'18' (0x12)
10.896305000000000,To programmer,'131' (0x83)
10.896830000000000,To programmer,'0' (0x00)
10.897354999999999,To programmer,'0' (0x00)
10.897880000000001,To programmer,'0' (0x00)
10.898405000000000,To programmer,'195' (0xC3)
10.898930000000000,To programmer,'0' (0x00)
10.899455000000000,To programmer,'201' (0xC9)
10.899984999999999,To programmer,'8' (0x08)
10.900510000000001,To programmer,/ (0x2F)

11.020250000000001,To programmer,'0' (0x00)
11.020775000000000,To programmer,'200' (0xC8)
11.021305000000000,To programmer,'0' (0x00)
11.021830000000000,To programmer,'194' (0xC2)
11.022354999999999,To programmer,'18' (0x12)
11.022880000000001,To programmer,'131' (0x83)
11.023405000000000,To programmer,'0' (0x00)
11.023930000000000,To programmer,'0' (0x00)
11.024455000000000,To programmer,'8' (0x08)
11.024979999999999,To programmer,D (0x44)
11.025505000000001,To programmer,'0' (0x00)
11.026035000000000,To programmer,'200' (0xC8)
11.026560000000000,To programmer,'8' (0x08)
11.027085000000000,To programmer,E (0x45)
11.027609999999999,To programmer,'0' (0x00)
11.028135000000001,To programmer,'201' (0xC9)
11.028660000000000,To programmer,0 (0x30)
11.029185000000000,To programmer,'255' (0xFF)
11.029710000000000,To programmer,'7' (0x07)
11.030239999999999,To programmer,'196' (0xC4)
11.030765000000001,To programmer,'28' (0x1C)
11.031290000000000,To programmer,'3' (0x03)
11.031815000000000,To programmer,'3' (0x03)
11.032340000000000,To programmer,'197' (0xC5)
11.032864999999999,To programmer,'8' (0x08)
11.033390000000001,To programmer,I (0x49)
11.033915000000000,To programmer,'4' (0x04)
11.034440000000000,To programmer,H (0x48)
11.034970000000000,To programmer,'25' (0x19)
11.035494999999999,To programmer,'3' (0x03)
11.036020000000001,To programmer,( (0x28)
11.036545000000000,To programmer,'147' (0x93)
11.156330000000001,To programmer,'8' (0x08)
11.156855000000000,To programmer,F (0x46)
11.157380000000000,To programmer,'0' (0x00)
11.157905000000000,To programmer,'174' (0xAE)
11.158429999999999,To programmer,'8' (0x08)
11.158955000000001,To programmer,G (0x47)
11.159480000000000,To programmer,'0' (0x00)
11.160010000000000,To programmer,'175' (0xAF)
11.160534999999999,To programmer,0 (0x30)
11.161060000000001,To programmer,'128' (0x80)
11.161585000000001,To programmer,'0' (0x00)
11.162110000000000,To programmer,'0' (0x00)
11.162635000000000,To programmer,'0' (0x00)
11.163160000000000,To programmer,'0' (0x00)
11.163684999999999,To programmer,! (0x21)
11.164215000000000,To programmer,'26' (0x1A)
11.164740000000000,To programmer,'0' (0x00)
11.165265000000000,To programmer,'0' (0x00)
11.165789999999999,To programmer,'0' (0x00)
11.166315000000001,To programmer,'0' (0x00)
11.166840000000001,To programmer,'18' (0x12)
11.167365000000000,To programmer,'131' (0x83)
11.167890000000000,To programmer,'0' (0x00)
11.168415000000000,To programmer,'0' (0x00)
11.168945000000001,To programmer,'0' (0x00)
11.169470000000000,To programmer,'200' (0xC8)
11.169995000000000,To programmer,'8' (0x08)
11.170520000000000,To programmer,B (0x42)
11.171044999999999,To programmer,'18' (0x12)
11.171569999999999,To programmer,'131' (0x83)
11.172095000000001,To programmer,'19' (0x13)
11.172620000000000,To programmer,'3' (0x03)
11.291380000000000,To programmer,'0' (0x00)
11.291905000000000,To programmer,'132' (0x84)
11.292430000000000,To programmer,'19' (0x13)
11.292954999999999,To programmer,'131' (0x83)
11.293485000000000,To programmer,'18' (0x12)
11.294010000000000,To programmer,'131' (0x83)
11.294535000000000,To programmer,'0' (0x00)
11.295059999999999,To programmer,'0' (0x00)
11.295585000000001,To programmer,'24' (0x18)
11.296110000000001,To programmer,C (0x43)
11.296635000000000,To programmer,'23' (0x17)
11.297160000000000,To programmer,'131' (0x83)
11.297685000000000,To programmer,'8' (0x08)
11.298215000000001,To programmer,H (0x48)
11.298740000000000,To programmer,'18' (0x12)
11.299265000000000,To programmer,'131' (0x83)
11.299790000000000,To programmer,'19' (0x13)
11.300314999999999,To programmer,'3' (0x03)
11.300840000000001,To programmer,'0' (0x00)
11.301365000000001,To programmer,'128' (0x80)
11.301890000000000,To programmer,'18' (0x12)
11.302420000000000,To programmer,'131' (0x83)
11.302944999999999,To programmer,'0' (0x00)
11.303470000000001,To programmer,'0' (0x00)
11.303995000000000,To programmer,\n (0x0A)
11.304520000000000,To programmer,'198' (0xC6)
11.305045000000000,To programmer,'25' (0x19)
11.305569999999999,To programmer,'3' (0x03)
11.306094999999999,To programmer,\n (0x0A)
11.306620000000001,To programmer,'199' (0xC7)
11.307150000000000,To programmer,\n (0x0A)
11.307675000000000,To programmer,'194' (0xC2)
11.427485000000001,To programmer,'25' (0x19)
11.428010000000000,To programmer,'3' (0x03)
11.428535000000000,To programmer,\n (0x0A)
11.429065000000000,To programmer,'195' (0xC3)
11.429589999999999,To programmer,( (0x28)
11.430115000000001,To programmer,b (0x62)
11.430640000000000,To programmer,0 (0x30)
11.431165000000000,To programmer,'6' (0x06)
11.431690000000000,To programmer,'18' (0x12)
11.432214999999999,To programmer,'131' (0x83)
11.432740000000001,To programmer,'0' (0x00)
11.433265000000000,To programmer,'0' (0x00)
11.433795000000000,To programmer,'7' (0x07)
11.434320000000000,To programmer,'192' (0xC0)
11.434844999999999,To programmer,'24' (0x18)
11.435370000000001,To programmer,'3' (0x03)
11.435895000000000,To programmer,\n (0x0A)
11.436420000000000,To programmer,'193' (0xC1)
11.436945000000000,To programmer,( (0x28)
11.437469999999999,To programmer,'21' (0x15)
11.437995000000001,To programmer,'0' (0x00)
11.438525000000000,To programmer,'0' (0x00)
11.439050000000000,To programmer,'0' (0x00)
11.439575000000000,To programmer,'0' (0x00)
11.440099999999999,To programmer,* (0x2A)
11.440625000000001,To programmer,'11' (0x0B)
11.441150000000000,To programmer,'0' (0x00)
11.441675000000000,To programmer,'8' (0x08)
11.442200000000000,To programmer,'18' (0x12)
11.442724999999999,To programmer,'131' (0x83)
11.443255000000001,To programmer,'18' (0x12)
11.443780000000000,To programmer,'5' (0x05)
11.563485000000000,To programmer,0 (0x30)
11.564014999999999,To programmer,\n (0x0A)
11.564539999999999,To programmer,'2' (0x02)
11.565065000000001,To programmer,K (0x4B)
11.565590000000000,To programmer,'24' (0x18)
11.566115000000000,To programmer,'3' (0x03)
11.566640000000000,To programmer,( (0x28)
11.567164999999999,To programmer,'245' (0xF5)
11.567690000000001,To programmer,\n (0x0A)
11.568215000000000,To programmer,'203' (0xCB)
11.568745000000000,To programmer,0 (0x30)
11.569269999999999,To programmer,'0' (0x00)
11.569794999999999,To programmer,'0' (0x00)
11.570320000000001,To programmer,'174' (0xAE)
11.570845000000000,To programmer,0 (0x30)
11.571370000000000,To programmer,'0' (0x00)
11.571895000000000,To programmer,'0' (0x00)
11.572419999999999,To programmer,'175' (0xAF)
11.572945000000001,To programmer,0 (0x30)
11.573475000000000,To programmer,'0' (0x00)
11.574000000000000,To programmer,! (0x21)
11.574525000000000,To programmer,- (0x2D)
11.575049999999999,To programmer,0 (0x30)
11.575575000000001,To programmer,'1' (0x01)
11.576100000000000,To programmer,'0' (0x00)
11.576625000000000,To programmer,'174' (0xAE)
11.577150000000000,To programmer,0 (0x30)
11.577674999999999,To programmer,'1' (0x01)
11.578205000000001,To programmer,'0' (0x00)
11.578730000000000,To programmer,'175' (0xAF)
11.579255000000000,To programmer,0 (0x30)
11.579780000000000,To programmer,'1' (0x01)
11.699585000000001,To programmer,! (0x21)
11.700110000000000,To programmer,- (0x2D)
11.700635000000000,To programmer,0 (0x30)
11.701160000000000,To programmer,'1' (0x01)
11.701684999999999,To programmer,'0' (0x00)
11.702209999999999,To programmer,'174' (0xAE)
11.702740000000000,To programmer,0 (0x30)
11.703265000000000,To programmer,'1' (0x01)
11.703790000000000,To programmer,'0' (0x00)
11.704314999999999,To programmer,'175' (0xAF)
11.704840000000001,To programmer,0 (0x30)
11.705365000000000,To programmer,'0' (0x00)
11.705890000000000,To programmer,! (0x21)
11.706415000000000,To programmer,- (0x2D)
11.706939999999999,To programmer,0 (0x30)
11.707470000000001,To programmer,'1' (0x01)
11.707995000000000,To programmer,'0' (0x00)
11.708520000000000,To programmer,'174' (0xAE)
11.709045000000000,To programmer,0 (0x30)
11.709569999999999,To programmer,'0' (0x00)
11.710095000000001,To programmer,'0' (0x00)
11.710620000000000,To programmer,'175' (0xAF)
11.711145000000000,To programmer,0 (0x30)
11.711670000000000,To programmer,'1' (0x01)
11.712199999999999,To programmer,! (0x21)
11.712725000000001,To programmer,- (0x2D)
11.713250000000000,To programmer,0 (0x30)
11.713775000000000,To programmer,'1' (0x01)
11.714300000000000,To programmer,'0' (0x00)
11.714824999999999,To programmer,'174' (0xAE)
11.715350000000001,To programmer,0 (0x30)
11.715875000000000,To programmer,'0' (0x00)
11.834650000000000,To programmer,'0' (0x00)
11.835175000000000,To programmer,'175' (0xAF)
11.835699999999999,To programmer,0 (0x30)
11.836225000000001,To programmer,'0' (0x00)
11.836750000000000,To programmer,! (0x21)
11.837275000000000,To programmer,- (0x2D)
11.837804999999999,To programmer,0 (0x30)
11.838329999999999,To programmer,'0' (0x00)
11.838855000000001,To programmer,'0' (0x00)
11.839380000000000,To programmer,'174' (0xAE)
11.839905000000000,To programmer,0 (0x30)
11.840430000000000,To programmer,'1' (0x01)
11.840954999999999,To programmer,'0' (0x00)
11.841480000000001,To programmer,'175' (0xAF)
11.842005000000000,To programmer,0 (0x30)
11.842535000000000,To programmer,'1' (0x01)
11.843059999999999,To programmer,! (0x21)
11.843584999999999,To programmer,- (0x2D)
11.844110000000001,To programmer,0 (0x30)
11.844635000000000,To programmer,'0' (0x00)
11.845160000000000,To programmer,'0' (0x00)
11.845685000000000,To programmer,'174' (0xAE)
11.846209999999999,To programmer,0 (0x30)
11.846735000000001,To programmer,'1' (0x01)
11.847265000000000,To programmer,'0' (0x00)
11.847790000000000,To programmer,'175' (0xAF)
11.848314999999999,To programmer,0 (0x30)
11.848839999999999,To programmer,'0' (0x00)
11.849365000000001,To programmer,! (0x21)
11.849890000000000,To programmer,- (0x2D)
11.850415000000000,To programmer,0 (0x30)
11.850940000000000,To programmer,'0' (0x00)
11.970760000000000,To programmer,'0' (0x00)
11.971285000000000,To programmer,'174' (0xAE)
11.971810000000000,To programmer,0 (0x30)
11.972340000000001,To programmer,'0' (0x00)
11.972865000000001,To programmer,'0' (0x00)
11.973390000000000,To programmer,'175' (0xAF)
11.973915000000000,To programmer,0 (0x30)
11.974440000000000,To programmer,'1' (0x01)
11.974964999999999,To programmer,! (0x21)
11.975490000000001,To programmer,- (0x2D)
11.976015000000000,To programmer,'1' (0x01)
11.976540000000000,To programmer,'185' (0xB9)
11.977069999999999,To programmer,'18' (0x12)
11.977595000000001,To programmer,'131' (0x83)
11.978120000000001,To programmer,'25' (0x19)
11.978645000000000,To programmer,'133' (0x85)
11.979170000000000,To programmer,\n (0x0A)
11.979695000000000,To programmer,'185' (0xB9)
11.980219999999999,To programmer,'8' (0x08)
11.980745000000001,To programmer,9 (0x39)
11.981275000000000,To programmer,: (0x3A)
11.981800000000000,To programmer,'1' (0x01)
11.982324999999999,To programmer,'29' (0x1D)
11.982849999999999,To programmer,'3' (0x03)
11.983375000000001,To programmer,( (0x28)
11.983900000000000,To programmer,'160' (0xA0)
11.984425000000000,To programmer,'1' (0x01)
11.984950000000000,To programmer,'185' (0xB9)
11.985474999999999,To programmer,'1' (0x01)
11.986005000000000,To programmer,'186' (0xBA)
11.986530000000000,To programmer,'1' (0x01)
11.987055000000000,To programmer,'187' (0xBB)
12.106760000000000,To programmer,'18' (0x12)
12.107284999999999,To programmer,'131' (0x83)
12.107810000000001,To programmer,'25' (0x19)
12.108335000000000,To programmer,'133' (0x85)
12.108860000000000,To programmer,\n (0x0A)
12.109389999999999,To programmer,'187' (0xBB)
12.109915000000001,To programmer,'8' (0x08)
12.110440000000001,To programmer,; (0x3B)
12.110965000000000,To programmer,: (0x3A)
12.111490000000000,To programmer,'1' (0x01)
12.112015000000000,To programmer,'29' (0x1D)
12.112539999999999,To programmer,'3' (0x03)
12.113065000000001,To programmer,( (0x28)
12.113590000000000,To programmer,'241' (0xF1)
12.114120000000000,To programmer,\n (0x0A)
12.114644999999999,To programmer,'185' (0xB9)
12.115170000000001,To programmer,0 (0x30)
12.115695000000001,To programmer,'200' (0xC8)
12.116220000000000,To programmer,'0' (0x00)
12.116745000000000,To programmer,'175' (0xAF)
12.117270000000000,To programmer,0 (0x30)
12.117794999999999,To programmer,'0' (0x00)
12.118320000000001,To programmer,! (0x21)
12.118850000000000,To programmer,'193' (0xC1)
12.119375000000000,To programmer,\n (0x0A)
12.119899999999999,To programmer,'186' (0xBA)
12.120424999999999,To programmer,0 (0x30)
12.120950000000001,To programmer,\n (0x0A)
12.121475000000000,To programmer,'2' (0x02)
12.122000000000000,To programmer,: (0x3A)
12.122525000000000,To programmer,'28' (0x1C)
12.123049999999999,To programmer,'3' (0x03)
12.242834999999999,To programmer,( (0x28)
12.243359999999999,To programmer,'223' (0xDF)
12.243885000000001,To programmer,'8' (0x08)
12.244410000000000,To programmer,9 (0x39)
12.244940000000000,To programmer,: (0x3A)
12.245464999999999,To programmer,\n (0x0A)
12.245990000000001,To programmer,'29' (0x1D)
12.246515000000000,To programmer,'3' (0x03)
12.247040000000000,To programmer,( (0x28)
12.247565000000000,To programmer,'160' (0xA0)
12.248089999999999,To programmer,'18' (0x12)
12.248614999999999,To programmer,'131' (0x83)
12.249140000000001,To programmer,'22' (0x16)
12.249670000000000,To programmer,'5' (0x05)
12.250195000000000,To programmer,! (0x21)
12.250719999999999,To programmer,Z (0x5A)
12.251245000000001,To programmer,'0' (0x00)
12.251770000000000,To programmer,'8' (0x08)
12.252295000000000,To programmer,: (0x3A)
12.252820000000000,To programmer,'0' (0x00)
12.253344999999999,To programmer,'25' (0x19)
12.253875000000001,To programmer,'3' (0x03)
12.254400000000000,To programmer,) (0x29)
12.254925000000000,To programmer,'1' (0x01)
12.255450000000000,To programmer,: (0x3A)
12.255974999999999,To programmer,'128' (0x80)
12.256500000000001,To programmer,'25' (0x19)
12.257025000000001,To programmer,'3' (0x03)
12.257550000000000,To programmer,) (0x29)
12.258075000000000,To programmer,'11' (0x0B)
12.258604999999999,To programmer,'1' (0x01)
12.259130000000001,To programmer,'175' (0xAF)
12.377915000000000,To programmer,4 (0x34)
12.378439999999999,To programmer,'0' (0x00)
12.378965000000001,To programmer,'8' (0x08)
12.379490000000001,To programmer,. (0x2E)
12.380015000000000,To programmer,'0' (0x00)
12.380545000000000,To programmer,'132' (0x84)
12.381069999999999,To programmer,'19' (0x13)
12.381595000000001,To programmer,'131' (0x83)
12.382120000000000,To programmer,'24' (0x18)
12.382645000000000,To programmer,/ (0x2F)
12.383170000000000,To programmer,'23' (0x17)
12.383694999999999,To programmer,'131' (0x83)
12.384219999999999,To programmer,'8' (0x08)
12.384750000000000,To programmer,'0' (0x00)
12.385275000000000,To programmer,'0' (0x00)
12.385800000000000,To programmer,'175' (0xAF)
12.386324999999999,To programmer,\n (0x0A)
12.386850000000001,To programmer,'132' (0x84)
12.387375000000000,To programmer,'8' (0x08)
12.387900000000000,To programmer,'0' (0x00)
12.388425000000000,To programmer,'0' (0x00)
12.388949999999999,To programmer,'8' (0x08)
12.389480000000001,To programmer,'0' (0x00)
12.390005000000000,To programmer,'0' (0x00)
12.390530000000000,To programmer,'0' (0x00)
12.391055000000000,To programmer,'0' (0x00)
12.391579999999999,To programmer,! (0x21)
12.392105000000001,To programmer,( (0x28)
12.392630000000000,To programmer,'0' (0x00)
12.393155000000000,To programmer,'173' (0xAD)
12.393680000000000,To programmer,'15' (0x0F)
12.394209999999999,To programmer,'174' (0xAE)
12.513975000000000,To programmer,'3' (0x03)
12.514500000000000,To programmer,'175' (0xAF)
12.515029999999999,To programmer,\n (0x0A)
12.515555000000001,To programmer,'175' (0xAF)
12.516080000000001,To programmer,'0' (0x00)
12.516605000000000,To programmer,'0' (0x00)
12.517130000000000,To programmer,'0' (0x00)
12.517655000000000,To programmer,'0' (0x00)
12.518179999999999,To programmer,! (0x21)
12.518705000000001,To programmer,( (0x28)
12.519230000000000,To programmer,'0' (0x00)
12.519760000000000,To programmer,'172' (0xAC)
12.520284999999999,To programmer,'8' (0x08)
12.520810000000001,To programmer,- (0x2D)
12.521335000000001,To programmer,'0' (0x00)
12.521860000000000,To programmer,'175' (0xAF)
12.522385000000000,To programmer,'8' (0x08)
12.522910000000000,To programmer,COMMA (0x2C)
12.523434999999999,To programmer,'0' (0x00)
12.523960000000001,To programmer,'8' (0x08)
12.524490000000000,To programmer,: (0x3A)
12.525015000000000,To programmer,'0' (0x00)
12.525539999999999,To programmer,'25' (0x19)
12.526064999999999,To programmer,'3' (0x03)
12.526590000000001,To programmer,) (0x29)
12.527115000000000,To programmer,! (0x21)
12.527640000000000,To programmer,: (0x3A)
12.528165000000000,To programmer,'128' (0x80)
12.528689999999999,To programmer,'25' (0x19)
12.529220000000000,To programmer,'3' (0x03)
12.529745000000000,To programmer,) (0x29)
12.530270000000000,To programmer,( (0x28)
12.650090000000001,To programmer,4 (0x34)
12.650615000000000,To programmer,'0' (0x00)
12.651140000000000,To programmer,'8' (0x08)
12.651664999999999,To programmer,. (0x2E)
12.652189999999999,To programmer,'0' (0x00)
12.652720000000000,To programmer,'132' (0x84)
12.653245000000000,To programmer,'19' (0x13)
12.653770000000000,To programmer,'131' (0x83)
12.654294999999999,To programmer,'24' (0x18)
12.654820000000001,To programmer,/ (0x2F)
12.655345000000001,To programmer,'23' (0x17)
12.655870000000000,To programmer,'131' (0x83)
12.656395000000000,To programmer,'8' (0x08)
12.656920000000000,To programmer,'0' (0x00)
12.657450000000001,To programmer,'0' (0x00)
12.657975000000000,To programmer,'8' (0x08)
12.658500000000000,To programmer,'8' (0x08)
12.659025000000000,To programmer,/ (0x2F)
12.659549999999999,To programmer,'0' (0x00)
12.660075000000001,To programmer,'138' (0x8A)
12.660600000000001,To programmer,'8' (0x08)
12.661125000000000,To programmer,. (0x2E)
12.661650000000000,To programmer,'0' (0x00)
12.662179999999999,To programmer,'130' (0x82)
12.662705000000001,To programmer,'0' (0x00)
12.663230000000000,To programmer,'8' (0x08)
12.663755000000000,To programmer,'0' (0x00)
12.664280000000000,To programmer,'183' (0xB7)
12.664804999999999,To programmer,'8' (0x08)
12.665330000000001,To programmer,/ (0x2F)
12.665855000000001,To programmer,'0' (0x00)
12.666380000000000,To programmer,'182' (0xB6)
12.786110000000001,To programmer,'8' (0x08)
12.786640000000000,To programmer,. (0x2E)
12.787165000000000,To programmer,'0' (0x00)
12.787690000000000,To programmer,'184' (0xB8)
12.788214999999999,To programmer,0 (0x30)
12.788740000000001,To programmer,d (0x64)
12.789265000000000,To programmer,'0' (0x00)
12.789790000000000,To programmer,'175' (0xAF)
12.790315000000000,To programmer,0 (0x30)
12.790839999999999,To programmer,'0' (0x00)
12.791370000000001,To programmer,! (0x21)
12.791895000000000,To programmer,'193' (0xC1)
12.792420000000000,To programmer,'12' (0x0C)
12.792945000000000,To programmer,7 (0x37)
12.793469999999999,To programmer,'24' (0x18)
12.793995000000001,To programmer,'3' (0x03)
12.794520000000000,To programmer,) (0x29)
12.795045000000000,To programmer,; (0x3B)
12.795574999999999,To programmer,'18' (0x12)
12.796099999999999,To programmer,'131' (0x83)
12.796625000000001,To programmer,'16' (0x10)
12.797150000000000,To programmer,'5' (0x05)
12.797675000000000,To programmer,'28' (0x1C)
12.798200000000000,To programmer,'3' (0x03)
12.798724999999999,To programmer,) (0x29)
12.799250000000001,To programmer,? (0x3F)
12.799775000000000,To programmer,'18' (0x12)
12.800305000000000,To programmer,'131' (0x83)
12.800829999999999,To programmer,'20' (0x14)
12.801354999999999,To programmer,'5' (0x05)
12.801880000000001,To programmer,'12' (0x0C)
12.802405000000000,To programmer,6 (0x36)
12.921200000000001,To programmer,'24' (0x18)
12.921725000000000,To programmer,'3' (0x03)
12.922250000000000,To programmer,) (0x29)
12.922779999999999,To programmer,D (0x44)
12.923304999999999,To programmer,'18' (0x12)
12.923830000000001,To programmer,'131' (0x83)
12.924355000000000,To programmer,'16' (0x10)
12.924880000000000,To programmer,'133' (0x85)
12.925405000000000,To programmer,'28' (0x1C)
12.925929999999999,To programmer,'3' (0x03)
12.926455000000001,To programmer,) (0x29)
12.926980000000000,To programmer,H (0x48)
12.927510000000000,To programmer,'18' (0x12)
12.928034999999999,To programmer,'131' (0x83)
12.928559999999999,To programmer,'20' (0x14)
12.929085000000001,To programmer,'133' (0x85)
12.929610000000000,To programmer,'12' (0x0C)
12.930135000000000,To programmer,8 (0x38)
12.930660000000000,To programmer,'24' (0x18)
12.931184999999999,To programmer,'3' (0x03)
12.931710000000001,To programmer,) (0x29)
12.932240000000000,To programmer,M (0x4D)
12.932765000000000,To programmer,'18' (0x12)
12.933290000000000,To programmer,'131' (0x83)
12.933814999999999,To programmer,'17' (0x11)
12.934340000000001,To programmer,'5' (0x05)
12.934865000000000,To programmer,'28' (0x1C)
12.935390000000000,To programmer,'3' (0x03)
12.935915000000000,To programmer,) (0x29)
12.936445000000001,To programmer,Q (0x51)
12.936970000000001,To programmer,'18' (0x12)
12.937495000000000,To programmer,'131' (0x83)
13.057259999999999,To programmer,'21' (0x15)
13.057785000000001,To programmer,'5' (0x05)
13.058310000000001,To programmer,0 (0x30)
13.058835000000000,To programmer,'250' (0xFA)
13.059360000000000,To programmer,'0' (0x00)
13.059885000000000,To programmer,'175' (0xAF)
13.060409999999999,To programmer,0 (0x30)
13.060935000000001,To programmer,'0' (0x00)
13.061465000000000,To programmer,! (0x21)
13.061990000000000,To programmer,'193' (0xC1)
13.062514999999999,To programmer,0 (0x30)
13.063040000000001,To programmer,'150' (0x96)
13.063565000000001,To programmer,'0' (0x00)
13.064090000000000,To programmer,'175' (0xAF)
13.064615000000000,To programmer,0 (0x30)
13.065140000000000,To programmer,'0' (0x00)
13.065664999999999,To programmer,! (0x21)
13.066195000000000,To programmer,'193' (0xC1)
13.066720000000000,To programmer,'0' (0x00)
13.067245000000000,To programmer,'8' (0x08)
13.067769999999999,To programmer,'8' (0x08)
13.068295000000001,To programmer,K (0x4B)
13.068820000000001,To programmer,: (0x3A)
13.069345000000000,To programmer,\n (0x0A)
13.069870000000000,To programmer,'29' (0x1D)
13.070399999999999,To programmer,'3' (0x03)
13.070925000000001,To programmer,) (0x29)
13.071450000000000,To programmer,{ (0x7B)
13.071975000000000,To programmer,'1' (0x01)
13.072500000000000,To programmer,'183' (0xB7)
13.073024999999999,To programmer,'18' (0x12)
13.073549999999999,To programmer,'131' (0x83)
13.193370000000000,To programmer,'25' (0x19)
13.193894999999999,To programmer,'133' (0x85)
13.194425000000001,To programmer,\n (0x0A)
13.194950000000000,To programmer,'183' (0xB7)
13.195475000000000,To programmer,'8' (0x08)
13.196000000000000,To programmer,7 (0x37)
13.196524999999999,To programmer,: (0x3A)
13.197050000000001,To programmer,'1' (0x01)
13.197575000000001,To programmer,'25' (0x19)
13.198100000000000,To programmer,'3' (0x03)
13.198625000000000,To programmer,) (0x29)
13.199154999999999,To programmer,^ (0x5E)
13.199680000000001,To programmer,'1' (0x01)
13.200205000000000,To programmer,'183' (0xB7)
13.200730000000000,To programmer,'1' (0x01)
13.201255000000000,To programmer,'182' (0xB6)
13.201779999999999,To programmer,'18' (0x12)
13.202305000000001,To programmer,'131' (0x83)
13.202830000000001,To programmer,'25' (0x19)
13.203355000000000,To programmer,'133' (0x85)
13.203885000000000,To programmer,) (0x29)
13.204409999999999,To programmer,l (0x6C)
13.204935000000001,To programmer,\n (0x0A)
13.205460000000000,To programmer,'183' (0xB7)
13.205985000000000,To programmer,0 (0x30)
13.206510000000000,To programmer,'200' (0xC8)
13.207034999999999,To programmer,'0' (0x00)
13.207560000000001,To programmer,'175' (0xAF)
13.208090000000000,To programmer,0 (0x30)
13.208615000000000,To programmer,'0' (0x00)
13.209140000000000,To programmer,! (0x21)
13.209664999999999,To programmer,'193' (0xC1)
13.329385000000000,To programmer,\n (0x0A)
13.329910000000000,To programmer,'182' (0xB6)
13.330435000000000,To programmer,0 (0x30)
13.330959999999999,To programmer,\n (0x0A)
13.331485000000001,To programmer,'2' (0x02)
13.332010000000000,To programmer,6 (0x36)
13.332535000000000,To programmer,'28' (0x1C)
13.333065000000000,To programmer,'3' (0x03)
13.333589999999999,To programmer,) (0x29)
13.334115000000001,To programmer,h (0x68)
13.334640000000000,To programmer,'8' (0x08)
13.335165000000000,To programmer,7 (0x37)
13.335690000000000,To programmer,: (0x3A)
13.336214999999999,To programmer,\n (0x0A)
13.336740000000001,To programmer,'29' (0x1D)
13.337265000000000,To programmer,'3' (0x03)
13.337795000000000,To programmer,) (0x29)
13.338320000000000,To programmer,^ (0x5E)
13.338844999999999,To programmer,'1' (0x01)
13.339370000000001,To programmer,'202' (0xCA)
13.339895000000000,To programmer,) (0x29)
13.340420000000000,To programmer,| (0x7C)
13.340945000000000,To programmer,'1' (0x01)
13.341469999999999,To programmer,'202' (0xCA)
13.341995000000001,To programmer,'0' (0x00)
13.342525000000000,To programmer,'8' (0x08)
13.343050000000000,To programmer,'1' (0x01)
13.343575000000000,To programmer,'188' (0xBC)
13.344099999999999,To programmer,'18' (0x12)
13.344625000000001,To programmer,'131' (0x83)
13.345150000000000,To programmer,'25' (0x19)
13.345675000000000,To programmer,'133' (0x85)
13.464460000000001,To programmer,\n (0x0A)
13.464985000000000,To programmer,'188' (0xBC)
13.465515000000000,To programmer,'8' (0x08)
13.466040000000000,To programmer,< (0x3C)
13.466564999999999,To programmer,: (0x3A)
13.467090000000001,To programmer,'1' (0x01)
13.467615000000000,To programmer,'25' (0x19)
13.468140000000000,To programmer,'3' (0x03)
13.468665000000000,To programmer,) (0x29)
13.469189999999999,To programmer,'158' (0x9E)
13.469715000000001,To programmer,'1' (0x01)
13.470245000000000,To programmer,'188' (0xBC)
13.470770000000000,To programmer,'1' (0x01)
13.471295000000000,To programmer,'189' (0xBD)
13.471819999999999,To programmer,'18' (0x12)
13.472345000000001,To programmer,'131' (0x83)
13.472870000000000,To programmer,'25' (0x19)
13.473395000000000,To programmer,'133' (0x85)
13.473920000000000,To programmer,) (0x29)
13.474449999999999,To programmer,'139' (0x8B)
13.474975000000001,To programmer,\n (0x0A)
13.475500000000000,To programmer,'188' (0xBC)
13.476025000000000,To programmer,0 (0x30)
13.476550000000000,To programmer,'200' (0xC8)
13.477074999999999,To programmer,'0' (0x00)
13.477600000000001,To programmer,'175' (0xAF)
13.478125000000000,To programmer,0 (0x30)
13.478650000000000,To programmer,'0' (0x00)
13.479179999999999,To programmer,! (0x21)
13.479704999999999,To programmer,'193' (0xC1)
13.480230000000001,To programmer,\n (0x0A)
13.480755000000000,To programmer,'189' (0xBD)
13.600510000000000,To programmer,0 (0x30)
13.601039999999999,To programmer,\n (0x0A)
13.601565000000001,To programmer,'2' (0x02)
13.602090000000000,To programmer,= (0x3D)
13.602615000000000,To programmer,'28' (0x1C)
13.603140000000000,To programmer,'3' (0x03)
13.603664999999999,To programmer,) (0x29)
13.604189999999999,To programmer,'135' (0x87)
13.604715000000001,To programmer,'8' (0x08)
13.605240000000000,To programmer,< (0x3C)
13.605770000000000,To programmer,: (0x3A)
13.606294999999999,To programmer,\n (0x0A)
13.606820000000001,To programmer,'29' (0x1D)
13.607345000000000,To programmer,'3' (0x03)
13.607870000000000,To programmer,) (0x29)
13.608395000000000,To programmer,'158' (0x9E)
13.608919999999999,To programmer,'8' (0x08)
13.609444999999999,To programmer,J (0x4A)
13.609975000000000,To programmer,'29' (0x1D)
13.610500000000000,To programmer,'3' (0x03)
13.611025000000000,To programmer,) (0x29)
13.611549999999999,To programmer,'158' (0x9E)
13.612075000000001,To programmer,0 (0x30)
13.612600000000000,To programmer,'1' (0x01)
13.613125000000000,To programmer,'0' (0x00)
13.613650000000000,To programmer,'202' (0xCA)
13.614174999999999,To programmer,' ' (0x20)
13.614705000000001,To programmer,'158' (0x9E)
13.615230000000000,To programmer,'0' (0x00)
13.615755000000000,To programmer,'8' (0x08)
13.616280000000000,To programmer,'0' (0x00)
13.616804999999999,To programmer,'183' (0xB7)
13.736644999999999,To programmer,'8' (0x08)
13.737170000000001,To programmer,/ (0x2F)
13.737695000000000,To programmer,'0' (0x00)
13.738220000000000,To programmer,'182' (0xB6)
13.738745000000000,To programmer,'1' (0x01)
13.739269999999999,To programmer,'184' (0xB8)
13.739800000000001,To programmer,'1' (0x01)
13.740325000000000,To programmer,'185' (0xB9)
13.740850000000000,To programmer,'8' (0x08)
13.741375000000000,To programmer,7 (0x37)
13.741899999999999,To programmer,'2' (0x02)
13.742425000000001,To programmer,9 (0x39)
13.742950000000000,To programmer,'29' (0x1D)
13.743475000000000,To programmer,'3' (0x03)
13.744000000000000,To programmer,) (0x29)
13.744529999999999,To programmer,'170' (0xAA)
13.745055000000001,To programmer,'8' (0x08)
13.745580000000000,To programmer,6 (0x36)
13.746105000000000,To programmer,'2' (0x02)
13.746630000000000,To programmer,8 (0x38)
13.747154999999999,To programmer,'24' (0x18)
13.747680000000001,To programmer,'3' (0x03)
13.748205000000000,To programmer,) (0x29)
13.748730000000000,To programmer,'192' (0xC0)
13.749260000000000,To programmer,0 (0x30)
13.749784999999999,To programmer,'250' (0xFA)
13.750310000000001,To programmer,'0' (0x00)
13.750835000000000,To programmer,'175' (0xAF)
13.751360000000000,To programmer,0 (0x30)
13.751885000000000,To programmer,'0' (0x00)
13.752409999999999,To programmer,! (0x21)
13.752935000000001,To programmer,'193' (0xC1)
13.872655000000000,To programmer,0 (0x30)
13.873180000000000,To programmer,'250' (0xFA)
13.873704999999999,To programmer,'0' (0x00)
13.874230000000001,To programmer,'175' (0xAF)
13.874755000000000,To programmer,0 (0x30)
13.875285000000000,To programmer,'0' (0x00)
13.875810000000000,To programmer,! (0x21)
13.876334999999999,To programmer,'193' (0xC1)
13.876860000000001,To programmer,0 (0x30)
13.877385000000000,To programmer,'250' (0xFA)
13.877910000000000,To programmer,'0' (0x00)
13.878435000000000,To programmer,'175' (0xAF)
13.878959999999999,To programmer,0 (0x30)
13.879485000000001,To programmer,'0' (0x00)
13.880015000000000,To programmer,! (0x21)
13.880540000000000,To programmer,'193' (0xC1)
13.881065000000000,To programmer,0 (0x30)
13.881589999999999,To programmer,'250' (0xFA)
13.882115000000001,To programmer,'0' (0x00)
13.882640000000000,To programmer,'175' (0xAF)
13.883165000000000,To programmer,0 (0x30)
13.883690000000000,To programmer,'0' (0x00)
13.884214999999999,To programmer,! (0x21)
13.884745000000001,To programmer,'193' (0xC1)
13.885270000000000,To programmer,\n (0x0A)
13.885795000000000,To programmer,'184' (0xB8)
13.886320000000000,To programmer,'25' (0x19)
13.886844999999999,To programmer,'3' (0x03)
13.887370000000001,To programmer,\n (0x0A)
13.887895000000000,To programmer,'185' (0xB9)
13.888420000000000,To programmer,) (0x29)
13.888945000000000,To programmer,'164' (0xA4)
14.007770000000001,To programmer,'0' (0x00)
14.008295000000000,To programmer,'8' (0x08)
14.008820000000000,To programmer,'0' (0x00)
14.009345000000000,To programmer,'177' (0xB1)
14.009869999999999,To programmer,'8' (0x08)
14.010395000000001,To programmer,/ (0x2F)
14.010920000000000,To programmer,'0' (0x00)
14.011445000000000,To programmer,'176' (0xB0)
14.011970000000000,To programmer,'1' (0x01)
14.012499999999999,To programmer,'178' (0xB2)
14.013025000000001,To programmer,'1' (0x01)
14.013550000000000,To programmer,'179' (0xB3)
14.014075000000000,To programmer,'8' (0x08)
14.014600000000000,To programmer,1 (0x31)
14.015124999999999,To programmer,'2' (0x02)
14.015650000000001,To programmer,3 (0x33)
14.016175000000000,To programmer,'29' (0x1D)
14.016700000000000,To programmer,'3' (0x03)
14.017230000000000,To programmer,) (0x29)
14.017754999999999,To programmer,'204' (0xCC)
14.018280000000001,To programmer,'8' (0x08)
14.018805000000000,To programmer,0 (0x30)
14.019330000000000,To programmer,'2' (0x02)
14.019855000000000,To programmer,2 (0x32)
14.020379999999999,To programmer,'24' (0x18)
14.020905000000001,To programmer,'3' (0x03)
14.021430000000001,To programmer,) (0x29)
14.021960000000000,To programmer,'222' (0xDE)
14.022485000000000,To programmer,0 (0x30)
14.023009999999999,To programmer,d (0x64)
14.023535000000001,To programmer,'0' (0x00)
14.024060000000000,To programmer,'180' (0xB4)
14.143789999999999,To programmer,'1' (0x01)
14.144315000000001,To programmer,'181' (0xB5)
14.144840000000000,To programmer," (0x22)
14.145365000000000,To programmer,' ' (0x20)
14.145890000000000,To programmer,0 (0x30)
14.146414999999999,To programmer,'255' (0xFF)
14.146940000000001,To programmer,'7' (0x07)
14.147465000000000,To programmer,'180' (0xB4)
14.147990000000000,To programmer,'28' (0x1C)
14.148520000000000,To programmer,'3' (0x03)
14.149044999999999,To programmer,'3' (0x03)
14.149570000000001,To programmer,'181' (0xB5)
14.150095000000000,To programmer,'8' (0x08)
14.150620000000000,To programmer,5 (0x35)
14.151145000000000,To programmer,'4' (0x04)
14.151669999999999,To programmer,4 (0x34)
14.152195000000001,To programmer,'29' (0x1D)
14.152720000000000,To programmer,'3' (0x03)
14.153250000000000,To programmer,) (0x29)
14.153775000000000,To programmer,'209' (0xD1)
14.154299999999999,To programmer,\n (0x0A)
14.154825000000001,To programmer,'178' (0xB2)
14.155350000000000,To programmer,'25' (0x19)
14.155875000000000,To programmer,'3' (0x03)
14.156400000000000,To programmer,\n (0x0A)
14.156924999999999,To programmer,'179' (0xB3)
14.157450000000001,To programmer,) (0x29)
14.157980000000000,To programmer,'198' (0xC6)
14.158505000000000,To programmer,'0' (0x00)
14.159030000000000,To programmer,'8' (0x08)
14.159554999999999,To programmer,'22' (0x16)
14.160080000000001,To programmer,'131' (0x83)
14.279895000000000,To programmer,'18' (0x12)
14.280419999999999,To programmer,'133' (0x85)
14.280944999999999,To programmer,'18' (0x12)
14.281470000000001,To programmer,'5' (0x05)
14.282000000000000,To programmer,'21' (0x15)
14.282525000000000,To programmer,'133' (0x85)
14.283049999999999,To programmer,'16' (0x10)
14.283575000000001,To programmer,'5' (0x05)
14.284100000000000,To programmer,'16' (0x10)
14.284625000000000,To programmer,'133' (0x85)
14.285150000000000,To programmer,'17' (0x11)
14.285674999999999,To programmer,'5' (0x05)
14.286199999999999,To programmer,'18' (0x12)
14.286730000000000,To programmer,'131' (0x83)
14.287255000000000,To programmer,'1' (0x01)
14.287780000000000,To programmer,'159' (0x9F)
14.288304999999999,To programmer,0 (0x30)
14.288830000000001,To programmer,'7' (0x07)
14.289355000000000,To programmer,'0' (0x00)
14.289880000000000,To programmer,'153' (0x99)
14.290405000000000,To programmer,'22' (0x16)
14.290934999999999,To programmer,'131' (0x83)
14.291460000000001,To programmer,'1' (0x01)
14.291985000000000,To programmer,'153' (0x99)
14.292510000000000,To programmer," (0x22)
14.293035000000000,To programmer,' ' (0x20)
14.293559999999999,To programmer,'22' (0x16)
14.294085000000001,To programmer,'131' (0x83)
14.294610000000000,To programmer,'21' (0x15)
14.295135000000000,To programmer,'129' (0x81)
14.295665000000000,To programmer,'8' (0x08)
14.296189999999999,To programmer,'1' (0x01)
14.414920000000000,To programmer,9 (0x39)
14.415445000000000,To programmer,'248' (0xF8)
14.415970000000000,To programmer,8 (0x38)
14.416494999999999,To programmer,'4' (0x04)
14.417025000000001,To programmer,'0' (0x00)
14.417550000000000,To programmer,'129' (0x81)
14.418075000000000,To programmer,'18' (0x12)
14.418600000000000,To programmer,'131' (0x83)
14.419124999999999,To programmer,'1' (0x01)
14.419650000000001,To programmer,'139' (0x8B)
14.420175000000000,To programmer,'19' (0x13)
14.420700000000000,To programmer,'139' (0x8B)
14.421225000000000,To programmer,'0' (0x00)
14.421754999999999,To programmer,'8' (0x08)
14.422280000000001,To programmer,4 (0x34)
14.422805000000000,To programmer,'3' (0x03)
14.423330000000000,To programmer,4 (0x34)
14.423855000000000,To programmer,'0' (0x00)
14.424379999999999,To programmer,4 (0x34)
14.424905000000001,To programmer," (0x22)
14.425430000000000,To programmer,4 (0x34)
14.425955000000000,To programmer,'2' (0x02)
14.426485000000000,To programmer,4 (0x34)
14.427009999999999,To programmer,J (0x4A)
14.427535000000001,To programmer,4 (0x34)
14.428060000000000,To programmer,'0' (0x00)
14.428585000000000,To programmer,4 (0x34)
14.429110000000000,To programmer,'1' (0x01)
14.429634999999999,To programmer,4 (0x34)
14.430160000000001,To programmer,'0' (0x00)
14.430685000000000,To programmer,4 (0x34)
14.431215000000000,To programmer,# (0x23)
14.551005000000000,To programmer,4 (0x34)
14.551530000000000,To programmer,'2' (0x02)
14.552054999999999,To programmer,4 (0x34)
14.552580000000001,To programmer,K (0x4B)
14.553105000000000,To programmer,4 (0x34)
14.553630000000000,To programmer,'0' (0x00)
14.554155000000000,To programmer,4 (0x34)
14.554679999999999,To programmer,'1' (0x01)
14.555205000000001,To programmer,4 (0x34)
14.555735000000000,To programmer,'0' (0x00)
14.556260000000000,To programmer,4 (0x34)
14.556785000000000,To programmer,$ (0x24)
14.557309999999999,To programmer,4 (0x34)
14.557835000000001,To programmer,'2' (0x02)
14.558360000000000,To programmer,4 (0x34)
14.558885000000000,To programmer,L (0x4C)
14.559410000000000,To programmer,4 (0x34)
14.559939999999999,To programmer,'0' (0x00)
14.560465000000001,To programmer,4 (0x34)
14.560990000000000,To programmer,'1' (0x01)
14.561515000000000,To programmer,4 (0x34)
14.562040000000000,To programmer,'0' (0x00)
14.562564999999999,To programmer,! (0x21)
14.563090000000001,To programmer,'223' (0xDF)
14.563615000000000,To programmer,'18' (0x12)
14.564140000000000,To programmer,'131' (0x83)
14.564670000000000,To programmer,'22' (0x16)
14.565194999999999,To programmer,'5' (0x05)
14.565720000000001,To programmer,'22' (0x16)
14.566245000000000,To programmer,'133' (0x85)
14.566770000000000,To programmer,0 (0x30)
14.567295000000000,To programmer,'2' (0x02)
14.687105000000001,To programmer,'0' (0x00)
14.687630000000000,To programmer,'175' (0xAF)
14.688160000000000,To programmer,0 (0x30)
14.688685000000000,To programmer,'0' (0x00)
14.689209999999999,To programmer,! (0x21)
14.689735000000001,To programmer,'159' (0x9F)
14.690260000000000,To programmer,'18' (0x12)
14.690785000000000,To programmer,'131' (0x83)
14.691310000000000,To programmer,'18' (0x12)
14.691834999999999,To programmer,'133' (0x85)
14.692365000000001,To programmer," (0x22)
14.692890000000000,To programmer,'28' (0x1C)
14.693415000000000,To programmer," (0x22)
14.693940000000000,To programmer,'30' (0x1E)
14.694464999999999,To programmer,'18' (0x12)
14.694990000000001,To programmer,'131' (0x83)
14.695515000000000,To programmer,'16' (0x10)
14.696040000000000,To programmer,'11' (0x0B)
14.696565000000000,To programmer,! (0x21)
14.697094999999999,To programmer,} (0x7D)
14.697620000000001,To programmer,* (0x2A)
14.698145000000000,To programmer,'21' (0x15)
14.698670000000000,To programmer,'0' (0x00)
14.699195000000000,To programmer,'8' (0x08)
14.699719999999999,To programmer,'0' (0x00)
14.700245000000001,To programmer,c (0x63)
14.700770000000000,To programmer,'0' (0x00)
14.701295000000000,To programmer,'8' (0x08)
14.701824999999999,To programmer,'0' (0x00)
14.702349999999999,To programmer,'0' (0x00)
14.702875000000001,To programmer,'0' (0x00)
14.703400000000000,To programmer,'8' (0x08)
14.823135000000001,To programmer,'0' (0x00)
14.823660000000000,To programmer,d (0x64)
14.824185000000000,To programmer,'0' (0x00)
14.824710000000000,To programmer,'8' (0x08)
14.825234999999999,To programmer,4 (0x34)
14.825760000000001,To programmer,'0' (0x00)
14.826285000000000,To programmer,4 (0x34)
14.826810000000000,To programmer,'0' (0x00)
14.827340000000000,To programmer,4 (0x34)
14.827864999999999,To programmer,'0' (0x00)
14.828390000000001,To programmer,? (0x3F)
14.828915000000000,To programmer,'255' (0xFF)
14.829440000000000,To programmer,? (0x3F)
14.829965000000000,To programmer,'255' (0xFF)
14.830489999999999,To programmer,? (0x3F)
14.831015000000001,To programmer,'255' (0xFF)
14.831545000000000,To programmer,? (0x3F)
14.832070000000000,To programmer,'255' (0xFF)
14.832595000000000,To programmer,? (0x3F)
14.833119999999999,To programmer,'255' (0xFF)
14.833645000000001,To programmer,? (0x3F)
14.834170000000000,To programmer,'255' (0xFF)
14.834695000000000,To programmer,? (0x3F)
14.835220000000000,To programmer,'255' (0xFF)
14.835744999999999,To programmer,? (0x3F)
14.836275000000001,To programmer,'255' (0xFF)
14.836800000000000,To programmer,? (0x3F)
14.837325000000000,To programmer,'255' (0xFF)
14.837850000000000,To programmer,? (0x3F)
14.838374999999999,To programmer,'255' (0xFF)
14.838900000000001,To programmer,? (0x3F)
14.839425000000000,To programmer,'255' (0xFF)
14.958235000000000,To programmer,? (0x3F)
14.958760000000000,To programmer,'255' (0xFF)
14.959284999999999,To programmer,? (0x3F)
14.959809999999999,To programmer,'255' (0xFF)
14.960335000000001,To programmer,? (0x3F)
14.960860000000000,To programmer,'255' (0xFF)
14.961385000000000,To programmer,? (0x3F)
14.961910000000000,To programmer,'255' (0xFF)
14.962440000000001,To programmer,? (0x3F)
14.962965000000001,To programmer,'255' (0xFF)
14.963490000000000,To programmer,? (0x3F)
14.964015000000000,To programmer,'255' (0xFF)
14.964540000000000,To programmer,? (0x3F)
14.965064999999999,To programmer,'255' (0xFF)
14.965590000000001,To programmer,? (0x3F)
14.966115000000000,To programmer,'255' (0xFF)
14.966640000000000,To programmer,? (0x3F)
14.967169999999999,To programmer,'255' (0xFF)
14.967695000000001,To programmer,? (0x3F)
14.968220000000001,To programmer,'255' (0xFF)
14.968745000000000,To programmer,? (0x3F)
14.969270000000000,To programmer,'255' (0xFF)
14.969795000000000,To programmer,? (0x3F)
14.970319999999999,To programmer,'255' (0xFF)
14.970845000000001,To programmer,? (0x3F)
14.971370000000000,To programmer,'255' (0xFF)
14.971900000000000,To programmer,? (0x3F)
14.972424999999999,To programmer,'255' (0xFF)
14.972950000000001,To programmer,? (0x3F)
14.973475000000001,To programmer,'255' (0xFF)
14.974000000000000,To programmer,? (0x3F)
14.974525000000000,To programmer,'255' (0xFF)
15.002219999999999,To programmer,? (0x3F)
15.002745000000001,To programmer,'255' (0xFF)
15.003270000000001,To programmer,? (0x3F)
15.003795000000000,To programmer,'255' (0xFF)
15.004325000000000,To programmer,? (0x3F)
15.004849999999999,To programmer,'255' (0xFF)
15.005375000000001,To programmer,? (0x3F)
15.005900000000000,To programmer,'255' (0xFF)
15.006425000000000,To programmer,? (0x3F)
15.006950000000000,To programmer,'255' (0xFF)
15.007474999999999,To programmer,? (0x3F)
15.007999999999999,To programmer,'255' (0xFF)
15.008530000000000,To programmer,? (0x3F)
15.009055000000000,To programmer,'255' (0xFF)
15.009580000000000,To programmer,? (0x3F)
15.010104999999999,To programmer,'255' (0xFF)
15.010630000000001,To programmer,? (0x3F)
15.011155000000000,To programmer,'255' (0xFF)
15.011680000000000,To programmer,? (0x3F)
15.012205000000000,To programmer,'255' (0xFF)
15.012729999999999,To programmer,? (0x3F)
15.013260000000001,To programmer,'255' (0xFF)
15.013785000000000,To programmer,? (0x3F)
15.014310000000000,To programmer,'255' (0xFF)
15.014835000000000,To programmer,? (0x3F)
15.015359999999999,To programmer,'255' (0xFF)
15.015885000000001,To programmer,? (0x3F)
15.016410000000000,To programmer,'255' (0xFF)
15.016935000000000,To programmer,? (0x3F)
15.017460000000000,To programmer,'255' (0xFF)
15.017989999999999,To programmer,? (0x3F)
15.018515000000001,To programmer,'255' (0xFF)
15.020170000000000,To programmer,? (0x3F)
15.020695000000000,To programmer,'255' (0xFF)
15.021220000000000,To programmer,? (0x3F)
15.021744999999999,To programmer,'255' (0xFF)
15.022270000000001,To programmer,? (0x3F)
15.022795000000000,To programmer,'255' (0xFF)
15.023320000000000,To programmer,? (0x3F)
15.023845000000000,To programmer,'255' (0xFF)
15.024369999999999,To programmer,? (0x3F)
15.024900000000001,To programmer,'255' (0xFF)
15.025425000000000,To programmer,? (0x3F)
15.025950000000000,To programmer,'255' (0xFF)
15.026475000000000,To programmer,? (0x3F)
15.026999999999999,To programmer,'255' (0xFF)
15.027525000000001,To programmer,? (0x3F)
15.028050000000000,To programmer,'255' (0xFF)
15.028575000000000,To programmer,? (0x3F)
15.029100000000000,To programmer,'255' (0xFF)
15.029629999999999,To programmer,? (0x3F)
15.030155000000001,To programmer,'255' (0xFF)
15.030680000000000,To programmer,? (0x3F)
15.031205000000000,To programmer,'255' (0xFF)
15.031730000000000,To programmer,? (0x3F)
15.032254999999999,To programmer,'255' (0xFF)
15.032780000000001,To programmer,? (0x3F)
15.033305000000000,To programmer,'255' (0xFF)
15.033830000000000,To programmer,? (0x3F)
15.034360000000000,To programmer,'255' (0xFF)
15.034884999999999,To programmer,? (0x3F)
15.035410000000001,To programmer,'255' (0xFF)
15.035935000000000,To programmer,? (0x3F)
15.036460000000000,To programmer,'255' (0xFF)
15.038175000000001,To programmer,? (0x3F)
15.038700000000000,To programmer,'255' (0xFF)
15.039225000000000,To programmer,? (0x3F)
15.039750000000000,To programmer,'255' (0xFF)
15.040274999999999,To programmer,? (0x3F)
15.040800000000001,To programmer,'255' (0xFF)
15.041330000000000,To programmer,? (0x3F)
15.041855000000000,To programmer,'255' (0xFF)
15.042380000000000,To programmer,? (0x3F)
15.042904999999999,To programmer,'255' (0xFF)
15.043430000000001,To programmer,? (0x3F)
15.043955000000000,To programmer,'255' (0xFF)
15.044480000000000,To programmer,? (0x3F)
15.045005000000000,To programmer,'255' (0xFF)
15.045529999999999,To programmer,? (0x3F)
15.046060000000001,To programmer,'255' (0xFF)
15.046585000000000,To programmer,? (0x3F)
15.047110000000000,To programmer,'255' (0xFF)
15.047635000000000,To programmer,? (0x3F)
15.048159999999999,To programmer,'255' (0xFF)
15.048685000000001,To programmer,? (0x3F)
15.049210000000000,To programmer,'255' (0xFF)
15.049735000000000,To programmer,? (0x3F)
15.050260000000000,To programmer,'255' (0xFF)
15.050789999999999,To programmer,? (0x3F)
15.051315000000001,To programmer,'255' (0xFF)
15.051840000000000,To programmer,? (0x3F)
15.052365000000000,To programmer,'255' (0xFF)
15.052890000000000,To programmer,? (0x3F)
15.053414999999999,To programmer,'255' (0xFF)
15.053940000000001,To programmer,? (0x3F)
15.054465000000000,To programmer,'255' (0xFF)
15.056184999999999,To programmer,? (0x3F)
15.056710000000001,To programmer,'255' (0xFF)
15.057240000000000,To programmer,? (0x3F)
15.057765000000000,To programmer,'255' (0xFF)
15.058290000000000,To programmer,? (0x3F)
15.058814999999999,To programmer,'255' (0xFF)
15.059340000000001,To programmer,? (0x3F)
15.059865000000000,To programmer,'255' (0xFF)
15.060390000000000,To programmer,? (0x3F)
15.060915000000000,To programmer,'255' (0xFF)
15.061439999999999,To programmer,? (0x3F)
15.061970000000001,To programmer,'255' (0xFF)
15.062495000000000,To programmer,? (0x3F)
15.063020000000000,To programmer,'255' (0xFF)
15.063545000000000,To programmer,? (0x3F)
15.064069999999999,To programmer,'255' (0xFF)
15.064595000000001,To programmer,? (0x3F)
15.065120000000000,To programmer,'255' (0xFF)
15.065645000000000,To programmer,? (0x3F)
15.066170000000000,To programmer,'255' (0xFF)
15.066700000000001,To programmer,? (0x3F)
15.067225000000001,To programmer,'255' (0xFF)
15.067750000000000,To programmer,? (0x3F)
15.068275000000000,To programmer,'255' (0xFF)
15.068800000000000,To programmer,? (0x3F)
15.069324999999999,To programmer,'255' (0xFF)
15.069850000000001,To programmer,? (0x3F)
15.070375000000000,To programmer,'255' (0xFF)
15.070900000000000,To programmer,? (0x3F)
15.071429999999999,To programmer,'255' (0xFF)
15.071955000000001,To programmer,? (0x3F)
15.072480000000001,To programmer,'255' (0xFF)
15.074215000000001,To programmer,? (0x3F)
15.074745000000000,To programmer,'255' (0xFF)
15.075270000000000,To programmer,? (0x3F)
15.075794999999999,To programmer,'255' (0xFF)
15.076320000000001,To programmer,? (0x3F)
15.076845000000000,To programmer,'255' (0xFF)
15.077370000000000,To programmer,? (0x3F)
15.077895000000000,To programmer,'255' (0xFF)
15.078419999999999,To programmer,? (0x3F)
15.078944999999999,To programmer,'255' (0xFF)
15.079475000000000,To programmer,? (0x3F)
15.080000000000000,To programmer,'255' (0xFF)
15.080525000000000,To programmer,? (0x3F)
15.081049999999999,To programmer,'255' (0xFF)
15.081575000000001,To programmer,? (0x3F)
15.082100000000001,To programmer,'255' (0xFF)
15.082625000000000,To programmer,? (0x3F)
15.083150000000000,To programmer,'255' (0xFF)
15.083674999999999,To programmer,? (0x3F)
15.084205000000001,To programmer,'255' (0xFF)
15.084730000000000,To programmer,? (0x3F)
15.085255000000000,To programmer,'255' (0xFF)
15.085780000000000,To programmer,? (0x3F)
15.086304999999999,To programmer,'255' (0xFF)
15.086830000000001,To programmer,? (0x3F)
15.087355000000001,To programmer,'255' (0xFF)
15.087880000000000,To programmer,? (0x3F)
15.088410000000000,To programmer,'255' (0xFF)
15.088934999999999,To programmer,? (0x3F)
15.089460000000001,To programmer,'255' (0xFF)
15.089985000000000,To programmer,? (0x3F)
15.090510000000000,To programmer,'255' (0xFF)
15.092205000000000,To programmer,? (0x3F)
15.092730000000000,To programmer,'255' (0xFF)
15.093254999999999,To programmer,? (0x3F)
15.093780000000001,To programmer,'255' (0xFF)
15.094305000000000,To programmer,? (0x3F)
15.094830000000000,To programmer,'255' (0xFF)
15.095355000000000,To programmer,? (0x3F)
15.095885000000001,To programmer,'255' (0xFF)
15.096410000000001,To programmer,? (0x3F)
15.096935000000000,To programmer,'255' (0xFF)
15.097460000000000,To programmer,? (0x3F)
15.097985000000000,To programmer,'255' (0xFF)
15.098509999999999,To programmer,? (0x3F)
15.099035000000001,To programmer,'255' (0xFF)
15.099560000000000,To programmer,? (0x3F)
15.100090000000000,To programmer,'255' (0xFF)
15.100614999999999,To programmer,? (0x3F)
15.101139999999999,To programmer,'255' (0xFF)
15.101665000000001,To programmer,? (0x3F)
15.102190000000000,To programmer,'255' (0xFF)
15.102715000000000,To programmer,? (0x3F)
15.103240000000000,To programmer,'255' (0xFF)
15.103764999999999,To programmer,? (0x3F)
15.104290000000001,To programmer,'255' (0xFF)
15.104820000000000,To programmer,? (0x3F)
15.105345000000000,To programmer,'255' (0xFF)
15.105869999999999,To programmer,? (0x3F)
15.106394999999999,To programmer,'255' (0xFF)
15.106920000000001,To programmer,? (0x3F)
15.107445000000000,To programmer,'255' (0xFF)
15.107970000000000,To programmer,? (0x3F)
15.108495000000000,To programmer,'255' (0xFF)
15.110210000000000,To programmer,? (0x3F)
15.110740000000000,To programmer,'255' (0xFF)
15.111265000000000,To programmer,? (0x3F)
15.111789999999999,To programmer,'255' (0xFF)
15.112315000000001,To programmer,? (0x3F)
15.112840000000000,To programmer,'255' (0xFF)
15.113365000000000,To programmer,? (0x3F)
15.113890000000000,To programmer,'255' (0xFF)
15.114414999999999,To programmer,? (0x3F)
15.114940000000001,To programmer,'255' (0xFF)
15.115470000000000,To programmer,? (0x3F)
15.115995000000000,To programmer,'255' (0xFF)
15.116520000000000,To programmer,? (0x3F)
15.117044999999999,To programmer,'255' (0xFF)
15.117570000000001,To programmer,? (0x3F)
15.118095000000000,To programmer,'255' (0xFF)
15.118620000000000,To programmer,? (0x3F)
15.119145000000000,To programmer,'255' (0xFF)
15.119669999999999,To programmer,? (0x3F)
15.120200000000001,To programmer,'255' (0xFF)
15.120725000000000,To programmer,? (0x3F)
15.121250000000000,To programmer,'255' (0xFF)
15.121775000000000,To programmer,? (0x3F)
15.122299999999999,To programmer,'255' (0xFF)
15.122825000000001,To programmer,? (0x3F)
15.123350000000000,To programmer,'255' (0xFF)
15.123875000000000,To programmer,? (0x3F)
15.124400000000000,To programmer,'255' (0xFF)
15.124930000000001,To programmer,? (0x3F)
15.125455000000001,To programmer,'255' (0xFF)
15.125980000000000,To programmer,? (0x3F)
15.126505000000000,To programmer,'255' (0xFF)
15.128220000000001,To programmer,? (0x3F)
15.128745000000000,To programmer,'255' (0xFF)
15.129275000000000,To programmer,? (0x3F)
15.129799999999999,To programmer,'255' (0xFF)
15.130324999999999,To programmer,? (0x3F)
15.130850000000001,To programmer,'255' (0xFF)
15.131375000000000,To programmer,? (0x3F)
15.131900000000000,To programmer,'255' (0xFF)
15.132425000000000,To programmer,? (0x3F)
15.132949999999999,To programmer,'255' (0xFF)
15.133475000000001,To programmer,? (0x3F)
15.134005000000000,To programmer,'255' (0xFF)
15.134530000000000,To programmer,? (0x3F)
15.135054999999999,To programmer,'255' (0xFF)
15.135579999999999,To programmer,? (0x3F)
15.136105000000001,To programmer,'255' (0xFF)
15.136630000000000,To programmer,? (0x3F)
15.137155000000000,To programmer,'255' (0xFF)
15.137680000000000,To programmer,? (0x3F)
15.138204999999999,To programmer,'255' (0xFF)
15.138735000000000,To programmer,? (0x3F)
15.139260000000000,To programmer,'255' (0xFF)
15.139785000000000,To programmer,? (0x3F)
15.140309999999999,To programmer,'255' (0xFF)
15.140834999999999,To programmer,? (0x3F)
15.141360000000001,To programmer,'255' (0xFF)
15.141885000000000,To programmer,? (0x3F)
15.142410000000000,To programmer,'255' (0xFF)
15.142935000000000,To programmer,? (0x3F)
15.143465000000001,To programmer,'255' (0xFF)
15.143990000000001,To programmer,? (0x3F)
15.144515000000000,To programmer,'255' (0xFF)
15.146229999999999,To programmer,? (0x3F)
15.146755000000001,To programmer,'255' (0xFF)
15.147280000000000,To programmer,? (0x3F)
15.147810000000000,To programmer,'255' (0xFF)
15.148334999999999,To programmer,? (0x3F)
15.148860000000001,To programmer,'255' (0xFF)
15.149385000000001,To programmer,? (0x3F)
15.149910000000000,To programmer,'255' (0xFF)
15.150435000000000,To programmer,? (0x3F)
15.150960000000000,To programmer,'255' (0xFF)
15.151484999999999,To programmer,? (0x3F)
15.152010000000001,To programmer,'255' (0xFF)
15.152540000000000,To programmer,? (0x3F)
15.153065000000000,To programmer,'255' (0xFF)
15.153589999999999,To programmer,? (0x3F)
15.154114999999999,To programmer,'255' (0xFF)
15.154640000000001,To programmer,? (0x3F)
15.155165000000000,To programmer,'255' (0xFF)
15.155690000000000,To programmer,? (0x3F)
15.156215000000000,To programmer,'255' (0xFF)
15.156739999999999,To programmer,? (0x3F)
15.157270000000000,To programmer,'255' (0xFF)
15.157795000000000,To programmer,? (0x3F)
15.158320000000000,To programmer,'255' (0xFF)
15.158844999999999,To programmer,? (0x3F)
15.159369999999999,To programmer,'255' (0xFF)
15.159895000000001,To programmer,? (0x3F)
15.160420000000000,To programmer,'255' (0xFF)
15.160945000000000,To programmer,? (0x3F)
15.161470000000000,To programmer,'255' (0xFF)
15.162000000000001,To programmer,? (0x3F)
15.162525000000000,To programmer,'255' (0xFF)
15.164239999999999,To programmer,? (0x3F)
15.164764999999999,To programmer,'255' (0xFF)
15.165290000000001,To programmer,? (0x3F)
15.165815000000000,To programmer,'255' (0xFF)
15.166340000000000,To programmer,? (0x3F)
15.166865000000000,To programmer,'255' (0xFF)
15.167389999999999,To programmer,? (0x3F)
15.167920000000001,To programmer,'255' (0xFF)
15.168445000000000,To programmer,? (0x3F)
15.168970000000000,To programmer,'255' (0xFF)
15.169495000000000,To programmer,? (0x3F)
15.170019999999999,To programmer,'255' (0xFF)
15.170545000000001,To programmer,? (0x3F)
15.171070000000000,To programmer,'255' (0xFF)
15.171595000000000,To programmer,? (0x3F)
15.172124999999999,To programmer,'255' (0xFF)
15.172650000000001,To programmer,? (0x3F)
15.173175000000001,To programmer,'255' (0xFF)
15.173700000000000,To programmer,? (0x3F)
15.174225000000000,To programmer,'255' (0xFF)
15.174750000000000,To programmer,? (0x3F)
15.175274999999999,To programmer,'255' (0xFF)
15.175800000000001,To programmer,? (0x3F)
15.176325000000000,To programmer,'255' (0xFF)
15.176855000000000,To programmer,? (0x3F)
15.177379999999999,To programmer,'255' (0xFF)
15.177905000000001,To programmer,? (0x3F)
15.178430000000001,To programmer,'255' (0xFF)
15.178955000000000,To programmer,? (0x3F)
15.179480000000000,To programmer,'255' (0xFF)
15.180005000000000,To programmer,? (0x3F)
15.180529999999999,To programmer,'255' (0xFF)
15.182245000000000,To programmer,? (0x3F)
15.182774999999999,To programmer,'255' (0xFF)
15.183299999999999,To programmer,? (0x3F)
15.183825000000001,To programmer,'255' (0xFF)
15.184350000000000,To programmer,? (0x3F)
15.184875000000000,To programmer,'255' (0xFF)
15.185400000000000,To programmer,? (0x3F)
15.185924999999999,To programmer,'255' (0xFF)
15.186450000000001,To programmer,? (0x3F)
15.186975000000000,To programmer,'255' (0xFF)
15.187505000000000,To programmer,? (0x3F)
15.188029999999999,To programmer,'255' (0xFF)
15.188554999999999,To programmer,? (0x3F)
15.189080000000001,To programmer,'255' (0xFF)
15.189605000000000,To programmer,? (0x3F)
15.190130000000000,To programmer,'255' (0xFF)
15.190655000000000,To programmer,? (0x3F)
15.191179999999999,To programmer,'255' (0xFF)
15.191705000000001,To programmer,? (0x3F)
15.192235000000000,To programmer,'255' (0xFF)
15.192760000000000,To programmer,? (0x3F)
15.193284999999999,To programmer,'255' (0xFF)
15.193809999999999,To programmer,? (0x3F)
15.194335000000001,To programmer,'255' (0xFF)
15.194860000000000,To programmer,? (0x3F)
15.195385000000000,To programmer,'255' (0xFF)
15.195910000000000,To programmer,? (0x3F)
15.196440000000001,To programmer,'255' (0xFF)
15.196965000000001,To programmer,? (0x3F)
15.197490000000000,To programmer,'255' (0xFF)
15.198015000000000,To programmer,? (0x3F)
15.198539999999999,To programmer,'255' (0xFF)
15.200495000000000,To programmer,? (0x3F)
15.201020000000000,To programmer,'255' (0xFF)
15.201544999999999,To programmer,? (0x3F)
15.202070000000001,To programmer,'255' (0xFF)
15.202595000000001,To programmer,? (0x3F)
15.203120000000000,To programmer,'255' (0xFF)
15.203645000000000,To programmer,? (0x3F)
15.204174999999999,To programmer,'255' (0xFF)
15.204700000000001,To programmer,? (0x3F)
15.205225000000000,To programmer,'255' (0xFF)
15.205750000000000,To programmer,? (0x3F)
15.206275000000000,To programmer,'255' (0xFF)
15.206799999999999,To programmer,? (0x3F)
15.207325000000001,To programmer,'255' (0xFF)
15.207850000000001,To programmer,? (0x3F)
15.208380000000000,To programmer,'255' (0xFF)
15.208905000000000,To programmer,? (0x3F)
15.209429999999999,To programmer,'255' (0xFF)
15.209955000000001,To programmer,? (0x3F)
15.210480000000000,To programmer,'255' (0xFF)
15.211005000000000,To programmer,? (0x3F)
15.211530000000000,To programmer,'255' (0xFF)
15.212054999999999,To programmer,? (0x3F)
15.212580000000001,To programmer,'255' (0xFF)
15.213110000000000,To programmer,? (0x3F)
15.213635000000000,To programmer,'255' (0xFF)
15.214160000000000,To programmer,? (0x3F)
15.214684999999999,To programmer,'255' (0xFF)
15.215210000000001,To programmer,? (0x3F)
15.215735000000000,To programmer,'255' (0xFF)
15.216260000000000,To programmer,? (0x3F)
15.216785000000000,To programmer,'255' (0xFF)
15.218275000000000,To programmer,? (0x3F)
15.218800000000000,To programmer,'255' (0xFF)
15.219329999999999,To programmer,? (0x3F)
15.219855000000001,To programmer,'255' (0xFF)
15.220380000000000,To programmer,? (0x3F)
15.220905000000000,To programmer,'255' (0xFF)
15.221430000000000,To programmer,? (0x3F)
15.221954999999999,To programmer,'255' (0xFF)
15.222479999999999,To programmer,? (0x3F)
15.223005000000001,To programmer,'255' (0xFF)
15.223530000000000,To programmer,? (0x3F)
15.224060000000000,To programmer,'255' (0xFF)
15.224584999999999,To programmer,? (0x3F)
15.225110000000001,To programmer,'255' (0xFF)
15.225635000000000,To programmer,? (0x3F)
15.226160000000000,To programmer,'255' (0xFF)
15.226685000000000,To programmer,? (0x3F)
15.227209999999999,To programmer,'255' (0xFF)
15.227734999999999,To programmer,? (0x3F)
15.228265000000000,To programmer,'255' (0xFF)
15.228790000000000,To programmer,? (0x3F)
15.229315000000000,To programmer,'255' (0xFF)
15.229839999999999,To programmer,? (0x3F)
15.230365000000001,To programmer,'255' (0xFF)
15.230890000000000,To programmer,? (0x3F)
15.231415000000000,To programmer,'255' (0xFF)
15.231940000000000,To programmer,? (0x3F)
15.232464999999999,To programmer,'255' (0xFF)
15.232995000000001,To programmer,? (0x3F)
15.233520000000000,To programmer,'255' (0xFF)
15.234045000000000,To programmer,? (0x3F)
15.234570000000000,To programmer,'255' (0xFF)
15.236274999999999,To programmer,? (0x3F)
15.236800000000001,To programmer,'255' (0xFF)
15.237325000000000,To programmer,? (0x3F)
15.237850000000000,To programmer,'255' (0xFF)
15.238379999999999,To programmer,? (0x3F)
15.238905000000001,To programmer,'255' (0xFF)
15.239430000000000,To programmer,? (0x3F)
15.239955000000000,To programmer,'255' (0xFF)
15.240480000000000,To programmer,? (0x3F)
15.241004999999999,To programmer,'255' (0xFF)
15.241529999999999,To programmer,? (0x3F)
15.242055000000001,To programmer,'255' (0xFF)
15.242580000000000,To programmer,? (0x3F)
15.243110000000000,To programmer,'255' (0xFF)
15.243634999999999,To programmer,? (0x3F)
15.244160000000001,To programmer,'255' (0xFF)
15.244685000000000,To programmer,? (0x3F)
15.245210000000000,To programmer,'255' (0xFF)
15.245735000000000,To programmer,? (0x3F)
15.246259999999999,To programmer,'255' (0xFF)
15.246784999999999,To programmer,? (0x3F)
15.247310000000001,To programmer,'255' (0xFF)
15.247840000000000,To programmer,? (0x3F)
15.248365000000000,To programmer,'255' (0xFF)
15.248889999999999,To programmer,? (0x3F)
15.249415000000001,To programmer,'255' (0xFF)
15.249940000000000,To programmer,? (0x3F)
15.250465000000000,To programmer,'255' (0xFF)
15.250990000000000,To programmer,? (0x3F)
15.251514999999999,To programmer,'255' (0xFF)
15.252045000000001,To programmer,? (0x3F)
15.252570000000000,To programmer,'255' (0xFF)
15.254280000000000,To programmer,? (0x3F)
15.254810000000001,To programmer,'255' (0xFF)
15.255335000000001,To programmer,? (0x3F)
15.255860000000000,To programmer,'255' (0xFF)
15.256385000000000,To programmer,? (0x3F)
15.256910000000000,To programmer,'255' (0xFF)
15.257434999999999,To programmer,? (0x3F)
15.257960000000001,To programmer,'255' (0xFF)
15.258485000000000,To programmer,? (0x3F)
15.259010000000000,To programmer,'255' (0xFF)
15.259539999999999,To programmer,? (0x3F)
15.260065000000001,To programmer,'255' (0xFF)
15.260590000000001,To programmer,? (0x3F)
15.261115000000000,To programmer,'255' (0xFF)
15.261640000000000,To programmer,? (0x3F)
15.262165000000000,To programmer,'255' (0xFF)
15.262689999999999,To programmer,? (0x3F)
15.263215000000001,To programmer,'255' (0xFF)
15.263745000000000,To programmer,? (0x3F)
15.264270000000000,To programmer,'255' (0xFF)
15.264794999999999,To programmer,? (0x3F)
15.265319999999999,To programmer,'255' (0xFF)
15.265845000000001,To programmer,? (0x3F)
15.266370000000000,To programmer,'255' (0xFF)
15.266895000000000,To programmer,? (0x3F)
15.267420000000000,To programmer,'255' (0xFF)
15.267944999999999,To programmer,? (0x3F)
15.268475000000000,To programmer,'255' (0xFF)
15.269000000000000,To programmer,? (0x3F)
15.269525000000000,To programmer,'255' (0xFF)
15.270049999999999,To programmer,? (0x3F)
15.270574999999999,To programmer,'255' (0xFF)
15.272290000000000,To programmer,? (0x3F)
15.272815000000000,To programmer,'255' (0xFF)
15.273345000000001,To programmer,? (0x3F)
15.273870000000001,To programmer,'255' (0xFF)
15.274395000000000,To programmer,? (0x3F)
15.274920000000000,To programmer,'255' (0xFF)
15.275444999999999,To programmer,? (0x3F)
15.275969999999999,To programmer,'255' (0xFF)
15.276495000000001,To programmer,? (0x3F)
15.277020000000000,To programmer,'255' (0xFF)
15.277545000000000,To programmer,? (0x3F)
15.278074999999999,To programmer,'255' (0xFF)
15.278600000000001,To programmer,? (0x3F)
15.279125000000001,To programmer,'255' (0xFF)
15.279650000000000,To programmer,? (0x3F)
15.280175000000000,To programmer,'255' (0xFF)
15.280700000000000,To programmer,? (0x3F)
15.281224999999999,To programmer,'255' (0xFF)
15.281750000000001,To programmer,? (0x3F)
15.282280000000000,To programmer,'255' (0xFF)
15.282805000000000,To programmer,? (0x3F)
15.283329999999999,To programmer,'255' (0xFF)
15.283855000000001,To programmer,? (0x3F)
15.284380000000001,To programmer,'255' (0xFF)
15.284905000000000,To programmer,? (0x3F)
15.285430000000000,To programmer,'255' (0xFF)
15.285955000000000,To programmer,? (0x3F)
15.286479999999999,To programmer,'255' (0xFF)
15.287010000000000,To programmer,? (0x3F)
15.287535000000000,To programmer,'255' (0xFF)
15.288060000000000,To programmer,? (0x3F)
15.288584999999999,To programmer,'255' (0xFF)
15.290300000000000,To programmer,? (0x3F)
15.290830000000000,To programmer,'255' (0xFF)
15.291354999999999,To programmer,? (0x3F)
15.291880000000001,To programmer,'255' (0xFF)
15.292405000000000,To programmer,? (0x3F)
15.292930000000000,To programmer,'255' (0xFF)
15.293455000000000,To programmer,? (0x3F)
15.293979999999999,To programmer,'255' (0xFF)
15.294504999999999,To programmer,? (0x3F)
15.295035000000000,To programmer,'255' (0xFF)
15.295560000000000,To programmer,? (0x3F)
15.296085000000000,To programmer,'255' (0xFF)
15.296609999999999,To programmer,? (0x3F)
15.297135000000001,To programmer,'255' (0xFF)
15.297660000000000,To programmer,? (0x3F)
15.298185000000000,To programmer,'255' (0xFF)
15.298710000000000,To programmer,? (0x3F)
15.299234999999999,To programmer,'255' (0xFF)
15.299765000000001,To programmer,? (0x3F)
15.300290000000000,To programmer,'255' (0xFF)
15.300815000000000,To programmer,? (0x3F)
15.301340000000000,To programmer,'255' (0xFF)
15.301864999999999,To programmer,? (0x3F)
15.302390000000001,To programmer,'255' (0xFF)
15.302915000000000,To programmer,? (0x3F)
15.303440000000000,To programmer,'255' (0xFF)
15.303965000000000,To programmer,? (0x3F)
15.304494999999999,To programmer,'255' (0xFF)
15.305020000000001,To programmer,? (0x3F)
15.305545000000000,To programmer,'255' (0xFF)
15.306070000000000,To programmer,? (0x3F)
15.306595000000000,To programmer,'255' (0xFF)
15.308479999999999,To programmer,? (0x3F)
15.309005000000001,To programmer,'255' (0xFF)
15.309530000000001,To programmer,? (0x3F)
15.310060000000000,To programmer,'255' (0xFF)
15.310585000000000,To programmer,? (0x3F)
15.311109999999999,To programmer,'255' (0xFF)
15.311635000000001,To programmer,? (0x3F)
15.312160000000000,To programmer,'255' (0xFF)
15.312685000000000,To programmer,? (0x3F)
15.313210000000000,To programmer,'255' (0xFF)
15.313734999999999,To programmer,? (0x3F)
15.314265000000001,To programmer,'255' (0xFF)
15.314790000000000,To programmer,? (0x3F)
15.315315000000000,To programmer,'255' (0xFF)
15.315840000000000,To programmer,? (0x3F)
15.316364999999999,To programmer,'255' (0xFF)
15.316890000000001,To programmer,? (0x3F)
15.317415000000000,To programmer,'255' (0xFF)
15.317940000000000,To programmer,? (0x3F)
15.318465000000000,To programmer,'255' (0xFF)
15.318994999999999,To programmer,? (0x3F)
15.319520000000001,To programmer,'255' (0xFF)
15.320045000000000,To programmer,? (0x3F)
15.320570000000000,To programmer,'255' (0xFF)
15.321095000000000,To programmer,? (0x3F)
15.321619999999999,To programmer,'255' (0xFF)
15.322145000000001,To programmer,? (0x3F)
15.322670000000000,To programmer,'255' (0xFF)
15.323195000000000,To programmer,? (0x3F)
15.323725000000000,To programmer,'255' (0xFF)
15.324249999999999,To programmer,? (0x3F)
15.324775000000001,To programmer,'255' (0xFF)
15.326325000000001,To programmer,? (0x3F)
15.326850000000000,To programmer,'255' (0xFF)
15.327375000000000,To programmer,? (0x3F)
15.327900000000000,To programmer,'255' (0xFF)
15.328424999999999,To programmer,? (0x3F)
15.328950000000001,To programmer,'255' (0xFF)
15.329475000000000,To programmer,? (0x3F)
15.330000000000000,To programmer,'255' (0xFF)
15.330525000000000,To programmer,? (0x3F)
15.331054999999999,To programmer,'255' (0xFF)
15.331580000000001,To programmer,? (0x3F)
15.332105000000000,To programmer,'255' (0xFF)
15.332630000000000,To programmer,? (0x3F)
15.333155000000000,To programmer,'255' (0xFF)
15.333679999999999,To programmer,? (0x3F)
15.334205000000001,To programmer,'255' (0xFF)
15.334730000000000,To programmer,? (0x3F)
15.335255000000000,To programmer,'255' (0xFF)
15.335785000000000,To programmer,? (0x3F)
15.336309999999999,To programmer,'255' (0xFF)
15.336835000000001,To programmer,? (0x3F)
15.337360000000000,To programmer,'255' (0xFF)
15.337885000000000,To programmer,? (0x3F)
15.338410000000000,To programmer,'255' (0xFF)
15.338934999999999,To programmer,? (0x3F)
15.339460000000001,To programmer,'255' (0xFF)
15.339990000000000,To programmer,? (0x3F)
15.340515000000000,To programmer,'255' (0xFF)
15.341040000000000,To programmer,? (0x3F)
15.341564999999999,To programmer,'255' (0xFF)
15.342090000000001,To programmer,? (0x3F)
15.342615000000000,To programmer,'255' (0xFF)
15.344325000000000,To programmer,? (0x3F)
15.344849999999999,To programmer,'255' (0xFF)
15.345375000000001,To programmer,? (0x3F)
15.345900000000000,To programmer,'255' (0xFF)
15.346430000000000,To programmer,? (0x3F)
15.346954999999999,To programmer,'255' (0xFF)
15.347479999999999,To programmer,? (0x3F)
15.348005000000001,To programmer,'255' (0xFF)
15.348530000000000,To programmer,? (0x3F)
15.349055000000000,To programmer,'255' (0xFF)
15.349580000000000,To programmer,? (0x3F)
15.350104999999999,To programmer,'255' (0xFF)
15.350630000000001,To programmer,? (0x3F)
15.351160000000000,To programmer,'255' (0xFF)
15.351685000000000,To programmer,? (0x3F)
15.352209999999999,To programmer,'255' (0xFF)
15.352734999999999,To programmer,? (0x3F)
15.353260000000001,To programmer,'255' (0xFF)
15.353785000000000,To programmer,? (0x3F)
15.354310000000000,To programmer,'255' (0xFF)
15.354835000000000,To programmer,? (0x3F)
15.355359999999999,To programmer,'255' (0xFF)
15.355890000000000,To programmer,? (0x3F)
15.356415000000000,To programmer,'255' (0xFF)
15.356940000000000,To programmer,? (0x3F)
15.357464999999999,To programmer,'255' (0xFF)
15.357989999999999,To programmer,? (0x3F)
15.358515000000001,To programmer,'255' (0xFF)
15.359040000000000,To programmer,? (0x3F)
15.359565000000000,To programmer,'255' (0xFF)
15.360094999999999,To programmer,? (0x3F)
15.360620000000001,To programmer,'255' (0xFF)
15.362349999999999,To programmer,? (0x3F)
15.362875000000001,To programmer,'255' (0xFF)
15.363400000000000,To programmer,? (0x3F)
15.363925000000000,To programmer,'255' (0xFF)
15.364450000000000,To programmer,? (0x3F)
15.364974999999999,To programmer,'255' (0xFF)
15.365505000000001,To programmer,? (0x3F)
15.366030000000000,To programmer,'255' (0xFF)
15.366555000000000,To programmer,? (0x3F)
15.367080000000000,To programmer,'255' (0xFF)
15.367604999999999,To programmer,? (0x3F)
15.368130000000001,To programmer,'255' (0xFF)
15.368655000000000,To programmer,? (0x3F)
15.369180000000000,To programmer,'255' (0xFF)
15.369710000000000,To programmer,? (0x3F)
15.370234999999999,To programmer,'255' (0xFF)
15.370760000000001,To programmer,? (0x3F)
15.371285000000000,To programmer,'255' (0xFF)
15.371810000000000,To programmer,? (0x3F)
15.372335000000000,To programmer,'255' (0xFF)
15.372859999999999,To programmer,? (0x3F)
15.373385000000001,To programmer,'255' (0xFF)
15.373910000000000,To programmer,? (0x3F)
15.374440000000000,To programmer,'255' (0xFF)
15.374965000000000,To programmer,? (0x3F)
15.375489999999999,To programmer,'255' (0xFF)
15.376015000000001,To programmer,? (0x3F)
15.376540000000000,To programmer,'255' (0xFF)
15.377065000000000,To programmer,? (0x3F)
15.377590000000000,To programmer,'255' (0xFF)
15.378114999999999,To programmer,? (0x3F)
15.378640000000001,To programmer,'255' (0xFF)
15.380345000000000,To programmer,? (0x3F)
15.380870000000000,To programmer,'255' (0xFF)
15.381394999999999,To programmer,? (0x3F)
15.381919999999999,To programmer,'255' (0xFF)
15.382450000000000,To programmer,? (0x3F)
15.382975000000000,To programmer,'255' (0xFF)
15.383500000000000,To programmer,? (0x3F)
15.384024999999999,To programmer,'255' (0xFF)
15.384550000000001,To programmer,? (0x3F)
15.385075000000001,To programmer,'255' (0xFF)
15.385600000000000,To programmer,? (0x3F)
15.386125000000000,To programmer,'255' (0xFF)
15.386654999999999,To programmer,? (0x3F)
15.387180000000001,To programmer,'255' (0xFF)
15.387705000000000,To programmer,? (0x3F)
15.388230000000000,To programmer,'255' (0xFF)
15.388755000000000,To programmer,? (0x3F)
15.389279999999999,To programmer,'255' (0xFF)
15.389805000000001,To programmer,? (0x3F)
15.390330000000001,To programmer,'255' (0xFF)
15.390855000000000,To programmer,? (0x3F)
15.391385000000000,To programmer,'255' (0xFF)
15.391909999999999,To programmer,? (0x3F)
15.392435000000001,To programmer,'255' (0xFF)
15.392960000000000,To programmer,? (0x3F)
15.393485000000000,To programmer,'255' (0xFF)
15.394010000000000,To programmer,? (0x3F)
15.394534999999999,To programmer,'255' (0xFF)
15.395060000000001,To programmer,? (0x3F)
15.395585000000001,To programmer,'255' (0xFF)
15.396115000000000,To programmer,? (0x3F)
15.396640000000000,To programmer,'255' (0xFF)
15.398355000000000,To programmer,? (0x3F)
15.398880000000000,To programmer,'255' (0xFF)
15.399410000000000,To programmer,? (0x3F)
15.399934999999999,To programmer,'255' (0xFF)
15.400460000000001,To programmer,? (0x3F)
15.400985000000000,To programmer,'255' (0xFF)
15.401510000000000,To programmer,? (0x3F)
15.402035000000000,To programmer,'255' (0xFF)
15.402559999999999,To programmer,? (0x3F)
15.403085000000001,To programmer,'255' (0xFF)
15.403610000000000,To programmer,? (0x3F)
15.404140000000000,To programmer,'255' (0xFF)
15.404665000000000,To programmer,? (0x3F)
15.405189999999999,To programmer,'255' (0xFF)
15.405715000000001,To programmer,? (0x3F)
15.406240000000000,To programmer,'255' (0xFF)
15.406765000000000,To programmer,? (0x3F)
15.407290000000000,To programmer,'255' (0xFF)
15.407814999999999,To programmer,? (0x3F)
15.408340000000001,To programmer,'255' (0xFF)
15.408870000000000,To programmer,? (0x3F)
15.409395000000000,To programmer,'255' (0xFF)
15.409920000000000,To programmer,? (0x3F)
15.410444999999999,To programmer,'255' (0xFF)
15.410970000000001,To programmer,? (0x3F)
15.411495000000000,To programmer,'255' (0xFF)
15.412020000000000,To programmer,? (0x3F)
15.412545000000000,To programmer,'255' (0xFF)
15.413069999999999,To programmer,? (0x3F)
15.413600000000001,To programmer,'255' (0xFF)
15.414125000000000,To programmer,? (0x3F)
15.414650000000000,To programmer,'255' (0xFF)
15.416365000000001,To programmer,? (0x3F)
15.416895000000000,To programmer,'255' (0xFF)
15.417420000000000,To programmer,? (0x3F)
15.417945000000000,To programmer,'255' (0xFF)
15.418469999999999,To programmer,? (0x3F)
15.418995000000001,To programmer,'255' (0xFF)
15.419520000000000,To programmer,? (0x3F)
15.420045000000000,To programmer,'255' (0xFF)
15.420570000000000,To programmer,? (0x3F)
15.421094999999999,To programmer,'255' (0xFF)
15.421625000000001,To programmer,? (0x3F)
15.422150000000000,To programmer,'255' (0xFF)
15.422675000000000,To programmer,? (0x3F)
15.423200000000000,To programmer,'255' (0xFF)
15.423724999999999,To programmer,? (0x3F)
15.424250000000001,To programmer,'255' (0xFF)
15.424775000000000,To programmer,? (0x3F)
15.425300000000000,To programmer,'255' (0xFF)
15.425829999999999,To programmer,? (0x3F)
15.426354999999999,To programmer,'255' (0xFF)
15.426880000000001,To programmer,? (0x3F)
15.427405000000000,To programmer,'255' (0xFF)
15.427930000000000,To programmer,? (0x3F)
15.428455000000000,To programmer,'255' (0xFF)
15.428979999999999,To programmer,? (0x3F)
15.429505000000001,To programmer,'255' (0xFF)
15.430030000000000,To programmer,? (0x3F)
15.430560000000000,To programmer,'255' (0xFF)
15.431084999999999,To programmer,? (0x3F)
15.431609999999999,To programmer,'255' (0xFF)
15.432135000000001,To programmer,? (0x3F)
15.432660000000000,To programmer,'255' (0xFF)
15.434419999999999,To programmer,? (0x3F)
15.434945000000001,To programmer,'255' (0xFF)
15.435470000000000,To programmer,? (0x3F)
15.435995000000000,To programmer,'255' (0xFF)
15.436525000000000,To programmer,? (0x3F)
15.437049999999999,To programmer,'255' (0xFF)
15.437575000000001,To programmer,? (0x3F)
15.438100000000000,To programmer,'255' (0xFF)
15.438625000000000,To programmer,? (0x3F)
15.439150000000000,To programmer,'255' (0xFF)
15.439674999999999,To programmer,? (0x3F)
15.440200000000001,To programmer,'255' (0xFF)
15.440730000000000,To programmer,? (0x3F)
15.441255000000000,To programmer,'255' (0xFF)
15.441780000000000,To programmer,? (0x3F)
15.442304999999999,To programmer,'255' (0xFF)
15.442830000000001,To programmer,? (0x3F)
15.443355000000000,To programmer,'255' (0xFF)
15.443880000000000,To programmer,? (0x3F)
15.444405000000000,To programmer,'255' (0xFF)
15.444929999999999,To programmer,? (0x3F)
15.445460000000001,To programmer,'255' (0xFF)
15.445985000000000,To programmer,? (0x3F)
15.446510000000000,To programmer,'255' (0xFF)
15.447035000000000,To programmer,? (0x3F)
15.447559999999999,To programmer,'255' (0xFF)
15.448085000000001,To programmer,? (0x3F)
15.448610000000000,To programmer,'255' (0xFF)
15.449135000000000,To programmer,? (0x3F)
15.449660000000000,To programmer,'255' (0xFF)
15.450189999999999,To programmer,? (0x3F)
15.450715000000001,To programmer,'255' (0xFF)
15.452380000000000,To programmer,? (0x3F)
15.452909999999999,To programmer,'255' (0xFF)
15.453435000000001,To programmer,? (0x3F)
15.453960000000000,To programmer,'255' (0xFF)
15.454485000000000,To programmer,? (0x3F)
15.455010000000000,To programmer,'255' (0xFF)
15.455534999999999,To programmer,? (0x3F)
15.456060000000001,To programmer,'255' (0xFF)
15.456585000000000,To programmer,? (0x3F)
15.457110000000000,To programmer,'255' (0xFF)
15.457640000000000,To programmer,? (0x3F)
15.458164999999999,To programmer,'255' (0xFF)
15.458690000000001,To programmer,? (0x3F)
15.459215000000000,To programmer,'255' (0xFF)
15.459740000000000,To programmer,? (0x3F)
15.460265000000000,To programmer,'255' (0xFF)
15.460789999999999,To programmer,? (0x3F)
15.461315000000001,To programmer,'255' (0xFF)
15.461840000000000,To programmer,? (0x3F)
15.462370000000000,To programmer,'255' (0xFF)
15.462895000000000,To programmer,? (0x3F)
15.463419999999999,To programmer,'255' (0xFF)
15.463945000000001,To programmer,? (0x3F)
15.464470000000000,To programmer,'255' (0xFF)
15.464995000000000,To programmer,? (0x3F)
15.465520000000000,To programmer,'255' (0xFF)
15.466044999999999,To programmer,? (0x3F)
15.466575000000001,To programmer,'255' (0xFF)
15.467100000000000,To programmer,? (0x3F)
15.467625000000000,To programmer,'255' (0xFF)
15.468150000000000,To programmer,? (0x3F)
15.468674999999999,To programmer,'255' (0xFF)
15.470390000000000,To programmer,? (0x3F)
15.470915000000000,To programmer,'255' (0xFF)
15.471439999999999,To programmer,? (0x3F)
15.471965000000001,To programmer,'255' (0xFF)
15.472495000000000,To programmer,? (0x3F)
15.473020000000000,To programmer,'255' (0xFF)
15.473545000000000,To programmer,? (0x3F)
15.474069999999999,To programmer,'255' (0xFF)
15.474595000000001,To programmer,? (0x3F)
15.475120000000000,To programmer,'255' (0xFF)
15.475645000000000,To programmer,? (0x3F)
15.476170000000000,To programmer,'255' (0xFF)
15.476694999999999,To programmer,? (0x3F)
15.477225000000001,To programmer,'255' (0xFF)
15.477750000000000,To programmer,? (0x3F)
15.478275000000000,To programmer,'255' (0xFF)
15.478800000000000,To programmer,? (0x3F)
15.479324999999999,To programmer,'255' (0xFF)
15.479850000000001,To programmer,? (0x3F)
15.480375000000000,To programmer,'255' (0xFF)
15.480900000000000,To programmer,? (0x3F)
15.481425000000000,To programmer,'255' (0xFF)
15.481954999999999,To programmer,? (0x3F)
15.482480000000001,To programmer,'255' (0xFF)
15.483005000000000,To programmer,? (0x3F)
15.483530000000000,To programmer,'255' (0xFF)
15.484055000000000,To programmer,? (0x3F)
15.484579999999999,To programmer,'255' (0xFF)
15.485105000000001,To programmer,? (0x3F)
15.485630000000000,To programmer,'255' (0xFF)
15.486155000000000,To programmer,? (0x3F)
15.486685000000000,To programmer,'255' (0xFF)
15.488395000000001,To programmer,? (0x3F)
15.488925000000000,To programmer,'255' (0xFF)
15.489450000000000,To programmer,? (0x3F)
15.489974999999999,To programmer,'255' (0xFF)
15.490500000000001,To programmer,? (0x3F)
15.491025000000000,To programmer,'255' (0xFF)
15.491550000000000,To programmer,? (0x3F)
15.492075000000000,To programmer,'255' (0xFF)
15.492599999999999,To programmer,? (0x3F)
15.493124999999999,To programmer,'255' (0xFF)
15.493655000000000,To programmer,? (0x3F)
15.494180000000000,To programmer,'255' (0xFF)
15.494705000000000,To programmer,? (0x3F)
15.495229999999999,To programmer,'255' (0xFF)
15.495755000000001,To programmer,? (0x3F)
15.496280000000000,To programmer,'255' (0xFF)
15.496805000000000,To programmer,? (0x3F)
15.497330000000000,To programmer,'255' (0xFF)
15.497854999999999,To programmer,? (0x3F)
15.498385000000001,To programmer,'255' (0xFF)
15.498910000000000,To programmer,? (0x3F)
15.499435000000000,To programmer,'255' (0xFF)
15.499960000000000,To programmer,? (0x3F)
15.500484999999999,To programmer,'255' (0xFF)
15.501010000000001,To programmer,? (0x3F)
15.501535000000001,To programmer,'255' (0xFF)
15.502060000000000,To programmer,? (0x3F)
15.502585000000000,To programmer,'255' (0xFF)
15.503114999999999,To programmer,? (0x3F)
15.503640000000001,To programmer,'255' (0xFF)
15.504165000000000,To programmer,4 (0x34)
15.504690000000000,To programmer,< (0x3C)

15.506405000000001,To programmer,? (0x3F)
15.506930000000001,To programmer,'255' (0xFF)
15.507455000000000,To programmer,? (0x3F)
15.507980000000000,To programmer,'255' (0xFF)
15.508505000000000,To programmer,? (0x3F)
15.509035000000001,To programmer,'255' (0xFF)
15.509560000000000,To programmer,? (0x3F)
15.510085000000000,To programmer,'255' (0xFF)
15.510610000000000,To programmer,? (0x3F)
15.511134999999999,To programmer,'255' (0xFF)
15.511659999999999,To programmer,? (0x3F)
15.512185000000001,To programmer,'255' (0xFF)
15.512710000000000,To programmer,? (0x3F)
15.513240000000000,To programmer,'255' (0xFF)
15.513764999999999,To programmer,? (0x3F)
15.514290000000001,To programmer,'255' (0xFF)
15.514815000000000,To programmer,? (0x3F)
15.515340000000000,To programmer,'255' (0xFF)
15.515865000000000,To programmer,? (0x3F)
15.516389999999999,To programmer,'255' (0xFF)
15.516914999999999,To programmer,? (0x3F)
15.517440000000001,To programmer,'255' (0xFF)
15.517970000000000,To programmer,? (0x3F)
15.518495000000000,To programmer,'255' (0xFF)
15.519019999999999,To programmer,? (0x3F)
15.519545000000001,To programmer,'255' (0xFF)
15.520070000000000,To programmer,? (0x3F)
15.520595000000000,To programmer,'255' (0xFF)
15.521120000000000,To programmer,? (0x3F)
15.521644999999999,To programmer,'255' (0xFF)
15.522169999999999,To programmer,? (0x3F)
15.522700000000000,To programmer,'255' (0xFF)
ROM END

15.549620000000001,To programmer,'6' (0x06)
15.600490000000001,To programmer,'8' (0x08)
15.601395000000000,To programmer,'0' (0x00)
15.601920000000000,To programmer,'0' (0x00)
15.603500000000000,To programmer,'0' (0x00)
15.604025000000000,To programmer,'0' (0x00)
15.638525000000000,To programmer,'6' (0x06)
15.689539999999999,To programmer,'12' (0x0C)
15.756520000000000,To programmer,'6' (0x06)
15.807620000000000,To programmer,\t (0x09)
15.808479999999999,To programmer,0 (0x30)
15.809005000000001,To programmer,0 (0x30)
15.809530000000001,To programmer,'15' (0x0F)
15.810465000000001,To programmer,'15' (0x0F)
15.811500000000001,To programmer,'15' (0x0F)
15.812465000000000,To programmer,'15' (0x0F)
15.813499999999999,To programmer,'15' (0x0F)
15.814530000000000,To programmer,'15' (0x0F)
15.815465000000000,To programmer,'15' (0x0F)
15.816465000000001,To programmer,'15' (0x0F)
15.817500000000001,To programmer,'204' (0xCC)
15.818025000000000,To programmer,'17' (0x11)
15.818550000000000,To programmer,'255' (0xFF)
15.819080000000000,To programmer,'255' (0xFF)
15.819604999999999,To programmer,'255' (0xFF)
15.820130000000001,To programmer,'255' (0xFF)
15.820655000000000,To programmer,'255' (0xFF)
15.821180000000000,To programmer,'255' (0xFF)
15.821705000000000,To programmer,'255' (0xFF)
15.822229999999999,To programmer,'255' (0xFF)
15.822755000000001,To programmer,'255' (0xFF)
15.823280000000000,To programmer,'255' (0xFF)
15.823810000000000,To programmer,'255' (0xFF)
15.824335000000000,To programmer,'255' (0xFF)
15.868645000000001,To programmer,'5' (0x05)
15.878584999999999,To programmer,'4' (0x04)
15.896604999999999,To programmer,\r (0x0D)
15.981619999999999,To programmer,'5' (0x05)
15.991630000000001,To programmer,'1' (0x01)
